page,filename,section,asset_type,tier,selected,learning_focus,notes
001,01.jpg,key_visual_and_promo,cover_or_key_visual,C,no,"Used mainly for franchise tone, key color, flagship monster image language, and marketing composition.",key visual / cover / promotional plate
002,02.webp,key_visual_and_promo,cover_or_key_visual,C,no,"Used mainly for franchise tone, key color, flagship monster image language, and marketing composition.",key visual / cover / promotional plate
003,03.webp,key_visual_and_promo,cover_or_key_visual,C,no,"Used mainly for franchise tone, key color, flagship monster image language, and marketing composition.",key visual / cover / promotional plate
004,04.webp,key_visual_and_promo,cover_or_key_visual,C,no,"Used mainly for franchise tone, key color, flagship monster image language, and marketing composition.",key visual / cover / promotional plate
005,05.webp,key_visual_and_promo,cover_or_key_visual,C,no,"Used mainly for franchise tone, key color, flagship monster image language, and marketing composition.",key visual / cover / promotional plate
006,06.webp,key_visual_and_promo,cover_or_key_visual,C,no,"Used mainly for franchise tone, key color, flagship monster image language, and marketing composition.",key visual / cover / promotional plate
007,07.webp,key_visual_and_promo,cover_or_key_visual,C,no,"Used mainly for franchise tone, key color, flagship monster image language, and marketing composition.",key visual / cover / promotional plate
008,08.webp,key_visual_and_promo,cover_or_key_visual,C,no,"Used mainly for franchise tone, key color, flagship monster image language, and marketing composition.",key visual / cover / promotional plate
009,09.webp,key_visual_and_promo,cover_or_key_visual,C,no,"Used mainly for franchise tone, key color, flagship monster image language, and marketing composition.",key visual / cover / promotional plate
010,010.webp,key_visual_and_promo,cover_or_key_visual,C,no,"Used mainly for franchise tone, key color, flagship monster image language, and marketing composition.",key visual / cover / promotional plate
011,011.webp,key_visual_and_promo,cover_or_key_visual,C,no,"Used mainly for franchise tone, key color, flagship monster image language, and marketing composition.",key visual / cover / promotional plate
012,012.webp,key_visual_and_promo,cover_or_key_visual,C,no,"Used mainly for franchise tone, key color, flagship monster image language, and marketing composition.",key visual / cover / promotional plate
013,013.webp,key_visual_and_promo,cover_or_key_visual,C,no,"Used mainly for franchise tone, key color, flagship monster image language, and marketing composition.",key visual / cover / promotional plate
014,014.webp,key_visual_and_promo,cover_or_key_visual,C,no,"Used mainly for franchise tone, key color, flagship monster image language, and marketing composition.",key visual / cover / promotional plate
015,015.webp,key_visual_and_promo,cover_or_key_visual,C,no,"Used mainly for franchise tone, key color, flagship monster image language, and marketing composition.",key visual / cover / promotional plate
016,016.webp,key_visual_and_promo,cover_or_key_visual,C,no,"Used mainly for franchise tone, key color, flagship monster image language, and marketing composition.",key visual / cover / promotional plate
017,017.webp,key_visual_and_promo,cover_or_key_visual,C,no,"Used mainly for franchise tone, key color, flagship monster image language, and marketing composition.",key visual / cover / promotional plate
018,018.webp,key_visual_and_promo,cover_or_key_visual,C,no,"Used mainly for franchise tone, key color, flagship monster image language, and marketing composition.",key visual / cover / promotional plate
019,019.webp,key_visual_and_promo,cover_or_key_visual,C,no,"Used mainly for franchise tone, key color, flagship monster image language, and marketing composition.",key visual / cover / promotional plate
020,020.webp,key_visual_and_promo,cover_or_key_visual,C,no,"Used mainly for franchise tone, key color, flagship monster image language, and marketing composition.",key visual / cover / promotional plate
021,02.1.webp,key_visual_and_promo,cover_or_key_visual,C,no,"Used mainly for franchise tone, key color, flagship monster image language, and marketing composition.",key visual / cover / promotional plate
021,021.webp,key_visual_and_promo,cover_or_key_visual,C,no,"Used mainly for franchise tone, key color, flagship monster image language, and marketing composition.",key visual / cover / promotional plate
022,022.webp,key_visual_and_promo,cover_or_key_visual,C,no,"Used mainly for franchise tone, key color, flagship monster image language, and marketing composition.",key visual / cover / promotional plate
023,023.webp,key_visual_and_promo,cover_or_key_visual,C,no,"Used mainly for franchise tone, key color, flagship monster image language, and marketing composition.",key visual / cover / promotional plate
024,024.webp,key_visual_and_promo,cover_or_key_visual,C,no,"Used mainly for franchise tone, key color, flagship monster image language, and marketing composition.",key visual / cover / promotional plate
025,025.webp,key_visual_and_promo,cover_or_key_visual,C,no,"Used mainly for franchise tone, key color, flagship monster image language, and marketing composition.",key visual / cover / promotional plate
026,026.webp,key_visual_and_promo,cover_or_key_visual,C,no,"Used mainly for franchise tone, key color, flagship monster image language, and marketing composition.",key visual / cover / promotional plate
027,027.webp,key_visual_and_promo,cover_or_key_visual,C,no,"Used mainly for franchise tone, key color, flagship monster image language, and marketing composition.",key visual / cover / promotional plate
028,028.webp,key_visual_and_promo,cover_or_key_visual,C,no,"Used mainly for franchise tone, key color, flagship monster image language, and marketing composition.",key visual / cover / promotional plate
029,029.webp,key_visual_and_promo,cover_or_key_visual,C,no,"Used mainly for franchise tone, key color, flagship monster image language, and marketing composition.",key visual / cover / promotional plate
030,030.webp,character_base,character_or_prop_sheet,A,no,"Useful for hunter silhouette, clothing layers, tool wear, Palico proportions, and practical fantasy costume logic.",hunter / handler / palico / npc character design
031,031.webp,character_base,character_or_prop_sheet,A,no,"Useful for hunter silhouette, clothing layers, tool wear, Palico proportions, and practical fantasy costume logic.",hunter / handler / palico / npc character design
032,032.webp,character_base,character_or_prop_sheet,S,yes,character costume silhouette and personality anchor,hunter / handler / palico / npc character design
033,033.webp,character_base,character_or_prop_sheet,A,no,"Useful for hunter silhouette, clothing layers, tool wear, Palico proportions, and practical fantasy costume logic.",hunter / handler / palico / npc character design
034,034.webp,character_base,character_design_sheet,S,yes,full turnaround with gear breakdown,hunter / handler / palico / npc character design
035,035.webp,character_base,character_or_prop_sheet,A,no,"Useful for hunter silhouette, clothing layers, tool wear, Palico proportions, and practical fantasy costume logic.",hunter / handler / palico / npc character design
036,036.webp,character_base,character_design_sheet,S,yes,palico design language and prop logic,hunter / handler / palico / npc character design
037,037.webp,character_base,character_or_prop_sheet,A,no,"Useful for hunter silhouette, clothing layers, tool wear, Palico proportions, and practical fantasy costume logic.",hunter / handler / palico / npc character design
038,038.webp,character_base,character_or_prop_sheet,A,no,"Useful for hunter silhouette, clothing layers, tool wear, Palico proportions, and practical fantasy costume logic.",hunter / handler / palico / npc character design
039,039.webp,character_base,character_or_prop_sheet,A,no,"Useful for hunter silhouette, clothing layers, tool wear, Palico proportions, and practical fantasy costume logic.",hunter / handler / palico / npc character design
040,040.webp,character_base,character_or_prop_sheet,A,no,"Useful for hunter silhouette, clothing layers, tool wear, Palico proportions, and practical fantasy costume logic.",hunter / handler / palico / npc character design
041,041.webp,character_base,character_design_sheet,S,yes,fighter archetype and practical clothing layers,hunter / handler / palico / npc character design
042,042.webp,character_base,character_or_prop_sheet,A,no,"Useful for hunter silhouette, clothing layers, tool wear, Palico proportions, and practical fantasy costume logic.",hunter / handler / palico / npc character design
043,043.webp,character_base,character_or_prop_sheet,A,no,"Useful for hunter silhouette, clothing layers, tool wear, Palico proportions, and practical fantasy costume logic.",hunter / handler / palico / npc character design
044,044.webp,character_base,character_or_prop_sheet,A,no,"Useful for hunter silhouette, clothing layers, tool wear, Palico proportions, and practical fantasy costume logic.",hunter / handler / palico / npc character design
045,045.webp,character_base,character_or_prop_sheet,A,no,"Useful for hunter silhouette, clothing layers, tool wear, Palico proportions, and practical fantasy costume logic.",hunter / handler / palico / npc character design
046,046.webp,character_base,character_or_prop_sheet,A,no,"Useful for hunter silhouette, clothing layers, tool wear, Palico proportions, and practical fantasy costume logic.",hunter / handler / palico / npc character design
047,047.webp,character_base,character_design_sheet,S,yes,daily wear / guild-wear contrast,hunter / handler / palico / npc character design
048,048.webp,character_base,character_or_prop_sheet,A,no,"Useful for hunter silhouette, clothing layers, tool wear, Palico proportions, and practical fantasy costume logic.",hunter / handler / palico / npc character design
049,049.webp,character_base,character_or_prop_sheet,A,no,"Useful for hunter silhouette, clothing layers, tool wear, Palico proportions, and practical fantasy costume logic.",hunter / handler / palico / npc character design
050,050.webp,character_base,character_or_prop_sheet,A,no,"Useful for hunter silhouette, clothing layers, tool wear, Palico proportions, and practical fantasy costume logic.",hunter / handler / palico / npc character design
051,051.webp,character_base,character_or_prop_sheet,A,no,"Useful for hunter silhouette, clothing layers, tool wear, Palico proportions, and practical fantasy costume logic.",hunter / handler / palico / npc character design
052,052.webp,character_base,character_design_sheet,S,yes,multi-character utility costume sheet,hunter / handler / palico / npc character design
053,053.webp,character_base,character_or_prop_sheet,A,no,"Useful for hunter silhouette, clothing layers, tool wear, Palico proportions, and practical fantasy costume logic.",hunter / handler / palico / npc character design
054,054.webp,character_base,character_or_prop_sheet,A,no,"Useful for hunter silhouette, clothing layers, tool wear, Palico proportions, and practical fantasy costume logic.",hunter / handler / palico / npc character design
055,055.webp,character_base,character_or_prop_sheet,A,no,"Useful for hunter silhouette, clothing layers, tool wear, Palico proportions, and practical fantasy costume logic.",hunter / handler / palico / npc character design
056,056.webp,character_base,character_or_prop_sheet,A,no,"Useful for hunter silhouette, clothing layers, tool wear, Palico proportions, and practical fantasy costume logic.",hunter / handler / palico / npc character design
057,057.webp,character_base,character_design_sheet,S,yes,pose and lifestyle storytelling in character presentation,hunter / handler / palico / npc character design
058,058.webp,character_base,character_or_prop_sheet,A,no,"Useful for hunter silhouette, clothing layers, tool wear, Palico proportions, and practical fantasy costume logic.",hunter / handler / palico / npc character design
059,059.webp,character_base,character_or_prop_sheet,A,no,"Useful for hunter silhouette, clothing layers, tool wear, Palico proportions, and practical fantasy costume logic.",hunter / handler / palico / npc character design
060,060.webp,character_base,character_or_prop_sheet,A,no,"Useful for hunter silhouette, clothing layers, tool wear, Palico proportions, and practical fantasy costume logic.",hunter / handler / palico / npc character design
061,061.webp,character_base,character_design_sheet,S,yes,weapon-user silhouette differentiation,hunter / handler / palico / npc character design
062,062.webp,character_base,character_or_prop_sheet,A,no,"Useful for hunter silhouette, clothing layers, tool wear, Palico proportions, and practical fantasy costume logic.",hunter / handler / palico / npc character design
063,063.webp,character_base,character_or_prop_sheet,A,no,"Useful for hunter silhouette, clothing layers, tool wear, Palico proportions, and practical fantasy costume logic.",hunter / handler / palico / npc character design
064,064.webp,character_base,character_or_prop_sheet,A,no,"Useful for hunter silhouette, clothing layers, tool wear, Palico proportions, and practical fantasy costume logic.",hunter / handler / palico / npc character design
065,065.webp,character_base,character_or_prop_sheet,A,no,"Useful for hunter silhouette, clothing layers, tool wear, Palico proportions, and practical fantasy costume logic.",hunter / handler / palico / npc character design
066,066.webp,character_base,character_or_prop_sheet,A,no,"Useful for hunter silhouette, clothing layers, tool wear, Palico proportions, and practical fantasy costume logic.",hunter / handler / palico / npc character design
067,067.webp,character_base,character_design_sheet,S,yes,field equipment prop set and utility design,hunter / handler / palico / npc character design
068,068.webp,character_base,character_or_prop_sheet,A,no,"Useful for hunter silhouette, clothing layers, tool wear, Palico proportions, and practical fantasy costume logic.",hunter / handler / palico / npc character design
069,069.webp,character_base,character_or_prop_sheet,A,no,"Useful for hunter silhouette, clothing layers, tool wear, Palico proportions, and practical fantasy costume logic.",hunter / handler / palico / npc character design
070,070.webp,character_base,character_or_prop_sheet,A,no,"Useful for hunter silhouette, clothing layers, tool wear, Palico proportions, and practical fantasy costume logic.",hunter / handler / palico / npc character design
071,071.webp,character_base,character_or_prop_sheet,A,no,"Useful for hunter silhouette, clothing layers, tool wear, Palico proportions, and practical fantasy costume logic.",hunter / handler / palico / npc character design
072,072.webp,character_base,character_design_sheet,S,yes,female hunter gear shape language,hunter / handler / palico / npc character design
073,073.webp,character_base,character_or_prop_sheet,A,no,"Useful for hunter silhouette, clothing layers, tool wear, Palico proportions, and practical fantasy costume logic.",hunter / handler / palico / npc character design
074,074.webp,character_base,character_or_prop_sheet,A,no,"Useful for hunter silhouette, clothing layers, tool wear, Palico proportions, and practical fantasy costume logic.",hunter / handler / palico / npc character design
075,075.webp,character_base,character_or_prop_sheet,A,no,"Useful for hunter silhouette, clothing layers, tool wear, Palico proportions, and practical fantasy costume logic.",hunter / handler / palico / npc character design
076,076.webp,character_base,character_or_prop_sheet,A,no,"Useful for hunter silhouette, clothing layers, tool wear, Palico proportions, and practical fantasy costume logic.",hunter / handler / palico / npc character design
077,077.webp,character_base,character_or_prop_sheet,A,no,"Useful for hunter silhouette, clothing layers, tool wear, Palico proportions, and practical fantasy costume logic.",hunter / handler / palico / npc character design
078,078.webp,character_base,character_design_sheet,S,yes,support/civilian design variation,hunter / handler / palico / npc character design
079,079.webp,character_base,character_or_prop_sheet,A,no,"Useful for hunter silhouette, clothing layers, tool wear, Palico proportions, and practical fantasy costume logic.",hunter / handler / palico / npc character design
080,080.webp,base_and_facility_design,settlement_or_facility_design,B,no,"Useful for hub architecture, function-driven environment storytelling, transport, docks, furnaces, and guild infrastructure.",Astera / hubs / facility / settlement design
081,081.webp,base_and_facility_design,settlement_or_facility_design,B,no,"Useful for hub architecture, function-driven environment storytelling, transport, docks, furnaces, and guild infrastructure.",Astera / hubs / facility / settlement design
082,082.webp,base_and_facility_design,settlement_or_facility_design,B,no,"Useful for hub architecture, function-driven environment storytelling, transport, docks, furnaces, and guild infrastructure.",Astera / hubs / facility / settlement design
083,083.webp,base_and_facility_design,settlement_or_facility_design,B,no,"Useful for hub architecture, function-driven environment storytelling, transport, docks, furnaces, and guild infrastructure.",Astera / hubs / facility / settlement design
084,084.webp,base_and_facility_design,settlement_or_facility_design,S,yes,Astera establishing visual identity,Astera / hubs / facility / settlement design
085,085.webp,base_and_facility_design,settlement_or_facility_design,B,no,"Useful for hub architecture, function-driven environment storytelling, transport, docks, furnaces, and guild infrastructure.",Astera / hubs / facility / settlement design
086,086.webp,base_and_facility_design,settlement_or_facility_design,S,yes,settlement architecture and vertical layout,Astera / hubs / facility / settlement design
087,087.webp,base_and_facility_design,settlement_or_facility_design,B,no,"Useful for hub architecture, function-driven environment storytelling, transport, docks, furnaces, and guild infrastructure.",Astera / hubs / facility / settlement design
088,088.webp,base_and_facility_design,settlement_or_facility_design,B,no,"Useful for hub architecture, function-driven environment storytelling, transport, docks, furnaces, and guild infrastructure.",Astera / hubs / facility / settlement design
089,089.webp,base_and_facility_design,settlement_or_facility_design,B,no,"Useful for hub architecture, function-driven environment storytelling, transport, docks, furnaces, and guild infrastructure.",Astera / hubs / facility / settlement design
090,090.webp,base_and_facility_design,settlement_or_facility_design,B,no,"Useful for hub architecture, function-driven environment storytelling, transport, docks, furnaces, and guild infrastructure.",Astera / hubs / facility / settlement design
091,091.webp,base_and_facility_design,settlement_or_facility_design,S,yes,interior / function-driven environmental storytelling,Astera / hubs / facility / settlement design
092,092.webp,base_and_facility_design,settlement_or_facility_design,B,no,"Useful for hub architecture, function-driven environment storytelling, transport, docks, furnaces, and guild infrastructure.",Astera / hubs / facility / settlement design
093,093.webp,base_and_facility_design,settlement_or_facility_design,S,yes,harbor / vessel / settlement production design,Astera / hubs / facility / settlement design
094,094.webp,base_and_facility_design,settlement_or_facility_design,B,no,"Useful for hub architecture, function-driven environment storytelling, transport, docks, furnaces, and guild infrastructure.",Astera / hubs / facility / settlement design
095,095.webp,base_and_facility_design,settlement_or_facility_design,B,no,"Useful for hub architecture, function-driven environment storytelling, transport, docks, furnaces, and guild infrastructure.",Astera / hubs / facility / settlement design
096,096.webp,base_and_facility_design,settlement_or_facility_design,B,no,"Useful for hub architecture, function-driven environment storytelling, transport, docks, furnaces, and guild infrastructure.",Astera / hubs / facility / settlement design
097,097.webp,base_and_facility_design,settlement_or_facility_design,B,no,"Useful for hub architecture, function-driven environment storytelling, transport, docks, furnaces, and guild infrastructure.",Astera / hubs / facility / settlement design
098,098.webp,base_and_facility_design,settlement_or_facility_design,S,yes,regional architecture and ecosystem tie-in,Astera / hubs / facility / settlement design
099,099.webp,base_and_facility_design,settlement_or_facility_design,B,no,"Useful for hub architecture, function-driven environment storytelling, transport, docks, furnaces, and guild infrastructure.",Astera / hubs / facility / settlement design
100,0100.webp,field_exploration,environment_concept_or_breakdown,A,no,"High value for environment composition, traversal readability, ecological layering, color zoning, and combat-friendly spatial design.",environment exploration / biome / map / habitat study
101,0101.webp,field_exploration,environment_concept_or_breakdown,A,no,"High value for environment composition, traversal readability, ecological layering, color zoning, and combat-friendly spatial design.",environment exploration / biome / map / habitat study
102,0102.webp,field_exploration,environment_concept_or_breakdown,A,no,"High value for environment composition, traversal readability, ecological layering, color zoning, and combat-friendly spatial design.",environment exploration / biome / map / habitat study
103,0103.webp,field_exploration,environment_concept_or_breakdown,A,no,"High value for environment composition, traversal readability, ecological layering, color zoning, and combat-friendly spatial design.",environment exploration / biome / map / habitat study
104,0104.webp,field_exploration,environment_concept_or_breakdown,S,yes,Ancient Forest hero environment plate,environment exploration / biome / map / habitat study
105,0105.webp,field_exploration,environment_concept_or_breakdown,A,no,"High value for environment composition, traversal readability, ecological layering, color zoning, and combat-friendly spatial design.",environment exploration / biome / map / habitat study
106,0106.webp,field_exploration,environment_concept_or_breakdown,A,no,"High value for environment composition, traversal readability, ecological layering, color zoning, and combat-friendly spatial design.",environment exploration / biome / map / habitat study
107,0107.webp,field_exploration,environment_concept_or_breakdown,A,no,"High value for environment composition, traversal readability, ecological layering, color zoning, and combat-friendly spatial design.",environment exploration / biome / map / habitat study
108,0108.webp,field_exploration,environment_concept_or_breakdown,A,no,"High value for environment composition, traversal readability, ecological layering, color zoning, and combat-friendly spatial design.",environment exploration / biome / map / habitat study
109,0109.webp,field_exploration,environment_concept_or_breakdown,A,no,"High value for environment composition, traversal readability, ecological layering, color zoning, and combat-friendly spatial design.",environment exploration / biome / map / habitat study
110,0110.webp,field_exploration,environment_concept_or_breakdown,A,no,"High value for environment composition, traversal readability, ecological layering, color zoning, and combat-friendly spatial design.",environment exploration / biome / map / habitat study
111,0111.webp,field_exploration,environment_concept_or_breakdown,A,no,"High value for environment composition, traversal readability, ecological layering, color zoning, and combat-friendly spatial design.",environment exploration / biome / map / habitat study
112,0112.webp,field_exploration,environment_concept_or_breakdown,S,yes,top-down canopy composition and layered depth,environment exploration / biome / map / habitat study
113,0113.webp,field_exploration,environment_concept_or_breakdown,A,no,"High value for environment composition, traversal readability, ecological layering, color zoning, and combat-friendly spatial design.",environment exploration / biome / map / habitat study
114,0114.webp,field_exploration,environment_concept_or_breakdown,A,no,"High value for environment composition, traversal readability, ecological layering, color zoning, and combat-friendly spatial design.",environment exploration / biome / map / habitat study
115,0115.webp,field_exploration,environment_concept_or_breakdown,A,no,"High value for environment composition, traversal readability, ecological layering, color zoning, and combat-friendly spatial design.",environment exploration / biome / map / habitat study
116,0116.webp,field_exploration,environment_concept_or_breakdown,A,no,"High value for environment composition, traversal readability, ecological layering, color zoning, and combat-friendly spatial design.",environment exploration / biome / map / habitat study
117,0117.webp,field_exploration,environment_concept_or_breakdown,A,no,"High value for environment composition, traversal readability, ecological layering, color zoning, and combat-friendly spatial design.",environment exploration / biome / map / habitat study
118,0118.webp,field_exploration,environment_concept_or_breakdown,S,yes,open-field vista and traversal readability,environment exploration / biome / map / habitat study
119,0119.webp,field_exploration,environment_concept_or_breakdown,A,no,"High value for environment composition, traversal readability, ecological layering, color zoning, and combat-friendly spatial design.",environment exploration / biome / map / habitat study
120,0120.webp,field_exploration,environment_concept_or_breakdown,A,no,"High value for environment composition, traversal readability, ecological layering, color zoning, and combat-friendly spatial design.",environment exploration / biome / map / habitat study
121,0121.webp,field_exploration,environment_concept_or_breakdown,A,no,"High value for environment composition, traversal readability, ecological layering, color zoning, and combat-friendly spatial design.",environment exploration / biome / map / habitat study
122,0122.webp,field_exploration,environment_concept_or_breakdown,A,no,"High value for environment composition, traversal readability, ecological layering, color zoning, and combat-friendly spatial design.",environment exploration / biome / map / habitat study
123,0123.webp,field_exploration,environment_concept_or_breakdown,S,yes,biome contrast and color zoning,environment exploration / biome / map / habitat study
124,0124.webp,field_exploration,environment_concept_or_breakdown,A,no,"High value for environment composition, traversal readability, ecological layering, color zoning, and combat-friendly spatial design.",environment exploration / biome / map / habitat study
125,0125.webp,field_exploration,environment_concept_or_breakdown,A,no,"High value for environment composition, traversal readability, ecological layering, color zoning, and combat-friendly spatial design.",environment exploration / biome / map / habitat study
126,0126.webp,field_exploration,environment_concept_or_breakdown,A,no,"High value for environment composition, traversal readability, ecological layering, color zoning, and combat-friendly spatial design.",environment exploration / biome / map / habitat study
127,0127.webp,field_exploration,environment_concept_or_breakdown,A,no,"High value for environment composition, traversal readability, ecological layering, color zoning, and combat-friendly spatial design.",environment exploration / biome / map / habitat study
128,0128.webp,field_exploration,environment_concept_or_breakdown,S,yes,rocky path / traversal / combat readability,environment exploration / biome / map / habitat study
129,0129.webp,field_exploration,environment_concept_or_breakdown,A,no,"High value for environment composition, traversal readability, ecological layering, color zoning, and combat-friendly spatial design.",environment exploration / biome / map / habitat study
130,0130.webp,field_exploration,environment_concept_or_breakdown,A,no,"High value for environment composition, traversal readability, ecological layering, color zoning, and combat-friendly spatial design.",environment exploration / biome / map / habitat study
131,0131.webp,field_exploration,environment_concept_or_breakdown,A,no,"High value for environment composition, traversal readability, ecological layering, color zoning, and combat-friendly spatial design.",environment exploration / biome / map / habitat study
132,0132.webp,field_exploration,environment_concept_or_breakdown,A,no,"High value for environment composition, traversal readability, ecological layering, color zoning, and combat-friendly spatial design.",environment exploration / biome / map / habitat study
133,0133.webp,field_exploration,environment_concept_or_breakdown,A,no,"High value for environment composition, traversal readability, ecological layering, color zoning, and combat-friendly spatial design.",environment exploration / biome / map / habitat study
134,0134.webp,field_exploration,environment_concept_or_breakdown,A,no,"High value for environment composition, traversal readability, ecological layering, color zoning, and combat-friendly spatial design.",environment exploration / biome / map / habitat study
135,0135.webp,field_exploration,environment_concept_or_breakdown,A,no,"High value for environment composition, traversal readability, ecological layering, color zoning, and combat-friendly spatial design.",environment exploration / biome / map / habitat study
136,0136.webp,field_exploration,environment_concept_or_breakdown,S,yes,Coral Highlands color and atmosphere system,environment exploration / biome / map / habitat study
137,0137.webp,field_exploration,environment_concept_or_breakdown,A,no,"High value for environment composition, traversal readability, ecological layering, color zoning, and combat-friendly spatial design.",environment exploration / biome / map / habitat study
138,0138.webp,field_exploration,environment_concept_or_breakdown,A,no,"High value for environment composition, traversal readability, ecological layering, color zoning, and combat-friendly spatial design.",environment exploration / biome / map / habitat study
139,0139.webp,field_exploration,environment_concept_or_breakdown,A,no,"High value for environment composition, traversal readability, ecological layering, color zoning, and combat-friendly spatial design.",environment exploration / biome / map / habitat study
140,0140.webp,field_exploration,environment_concept_or_breakdown,A,no,"High value for environment composition, traversal readability, ecological layering, color zoning, and combat-friendly spatial design.",environment exploration / biome / map / habitat study
141,0141.webp,field_exploration,environment_concept_or_breakdown,S,yes,underwater-like lighting language,environment exploration / biome / map / habitat study
142,0142.webp,field_exploration,environment_concept_or_breakdown,A,no,"High value for environment composition, traversal readability, ecological layering, color zoning, and combat-friendly spatial design.",environment exploration / biome / map / habitat study
143,0143.webp,field_exploration,environment_concept_or_breakdown,A,no,"High value for environment composition, traversal readability, ecological layering, color zoning, and combat-friendly spatial design.",environment exploration / biome / map / habitat study
144,0144.webp,field_exploration,environment_concept_or_breakdown,A,no,"High value for environment composition, traversal readability, ecological layering, color zoning, and combat-friendly spatial design.",environment exploration / biome / map / habitat study
145,0145.webp,field_exploration,environment_concept_or_breakdown,A,no,"High value for environment composition, traversal readability, ecological layering, color zoning, and combat-friendly spatial design.",environment exploration / biome / map / habitat study
146,0146.webp,field_exploration,environment_concept_or_breakdown,A,no,"High value for environment composition, traversal readability, ecological layering, color zoning, and combat-friendly spatial design.",environment exploration / biome / map / habitat study
147,0147.webp,field_exploration,environment_concept_or_breakdown,A,no,"High value for environment composition, traversal readability, ecological layering, color zoning, and combat-friendly spatial design.",environment exploration / biome / map / habitat study
148,0148.webp,field_exploration,environment_concept_or_breakdown,A,no,"High value for environment composition, traversal readability, ecological layering, color zoning, and combat-friendly spatial design.",environment exploration / biome / map / habitat study
149,0149.webp,field_exploration,environment_concept_or_breakdown,S,yes,Rotten Vale oppressive mood and decay language,environment exploration / biome / map / habitat study
150,0150.webp,field_exploration,environment_concept_or_breakdown,A,no,"High value for environment composition, traversal readability, ecological layering, color zoning, and combat-friendly spatial design.",environment exploration / biome / map / habitat study
151,0151.webp,field_exploration,environment_concept_or_breakdown,A,no,"High value for environment composition, traversal readability, ecological layering, color zoning, and combat-friendly spatial design.",environment exploration / biome / map / habitat study
152,0152.webp,field_exploration,environment_concept_or_breakdown,A,no,"High value for environment composition, traversal readability, ecological layering, color zoning, and combat-friendly spatial design.",environment exploration / biome / map / habitat study
153,0153.webp,field_exploration,environment_concept_or_breakdown,A,no,"High value for environment composition, traversal readability, ecological layering, color zoning, and combat-friendly spatial design.",environment exploration / biome / map / habitat study
154,0154.webp,field_exploration,environment_concept_or_breakdown,A,no,"High value for environment composition, traversal readability, ecological layering, color zoning, and combat-friendly spatial design.",environment exploration / biome / map / habitat study
155,0155.webp,field_exploration,environment_concept_or_breakdown,A,no,"High value for environment composition, traversal readability, ecological layering, color zoning, and combat-friendly spatial design.",environment exploration / biome / map / habitat study
156,0156.webp,field_exploration,environment_concept_or_breakdown,A,no,"High value for environment composition, traversal readability, ecological layering, color zoning, and combat-friendly spatial design.",environment exploration / biome / map / habitat study
157,0157.webp,field_exploration,environment_concept_or_breakdown,A,no,"High value for environment composition, traversal readability, ecological layering, color zoning, and combat-friendly spatial design.",environment exploration / biome / map / habitat study
158,0158.webp,field_exploration,environment_concept_or_breakdown,A,no,"High value for environment composition, traversal readability, ecological layering, color zoning, and combat-friendly spatial design.",environment exploration / biome / map / habitat study
159,0159.webp,field_exploration,environment_concept_or_breakdown,A,no,"High value for environment composition, traversal readability, ecological layering, color zoning, and combat-friendly spatial design.",environment exploration / biome / map / habitat study
160,0160.webp,field_exploration,environment_concept_or_breakdown,A,no,"High value for environment composition, traversal readability, ecological layering, color zoning, and combat-friendly spatial design.",environment exploration / biome / map / habitat study
161,0161.webp,field_exploration,environment_concept_or_breakdown,A,no,"High value for environment composition, traversal readability, ecological layering, color zoning, and combat-friendly spatial design.",environment exploration / biome / map / habitat study
162,0162.webp,field_exploration,environment_concept_or_breakdown,S,yes,Elder Recess grand scale key art,environment exploration / biome / map / habitat study
163,0163.webp,field_exploration,environment_concept_or_breakdown,A,no,"High value for environment composition, traversal readability, ecological layering, color zoning, and combat-friendly spatial design.",environment exploration / biome / map / habitat study
164,0164.webp,field_exploration,environment_concept_or_breakdown,A,no,"High value for environment composition, traversal readability, ecological layering, color zoning, and combat-friendly spatial design.",environment exploration / biome / map / habitat study
165,0165.webp,field_exploration,environment_concept_or_breakdown,A,no,"High value for environment composition, traversal readability, ecological layering, color zoning, and combat-friendly spatial design.",environment exploration / biome / map / habitat study
166,0166.webp,field_exploration,environment_concept_or_breakdown,A,no,"High value for environment composition, traversal readability, ecological layering, color zoning, and combat-friendly spatial design.",environment exploration / biome / map / habitat study
167,0167.webp,field_exploration,environment_concept_or_breakdown,A,no,"High value for environment composition, traversal readability, ecological layering, color zoning, and combat-friendly spatial design.",environment exploration / biome / map / habitat study
168,0168.webp,field_exploration,environment_concept_or_breakdown,A,no,"High value for environment composition, traversal readability, ecological layering, color zoning, and combat-friendly spatial design.",environment exploration / biome / map / habitat study
169,0169.webp,field_exploration,environment_concept_or_breakdown,A,no,"High value for environment composition, traversal readability, ecological layering, color zoning, and combat-friendly spatial design.",environment exploration / biome / map / habitat study
170,0170.webp,field_exploration,environment_concept_or_breakdown,A,no,"High value for environment composition, traversal readability, ecological layering, color zoning, and combat-friendly spatial design.",environment exploration / biome / map / habitat study
171,0171.webp,field_exploration,environment_concept_or_breakdown,A,no,"High value for environment composition, traversal readability, ecological layering, color zoning, and combat-friendly spatial design.",environment exploration / biome / map / habitat study
172,0172.webp,field_exploration,environment_concept_or_breakdown,S,yes,lava chamber and heat-color design,environment exploration / biome / map / habitat study
173,0173.webp,field_exploration,environment_concept_or_breakdown,A,no,"High value for environment composition, traversal readability, ecological layering, color zoning, and combat-friendly spatial design.",environment exploration / biome / map / habitat study
174,0174.webp,field_exploration,environment_concept_or_breakdown,A,no,"High value for environment composition, traversal readability, ecological layering, color zoning, and combat-friendly spatial design.",environment exploration / biome / map / habitat study
175,0175.webp,field_exploration,environment_concept_or_breakdown,A,no,"High value for environment composition, traversal readability, ecological layering, color zoning, and combat-friendly spatial design.",environment exploration / biome / map / habitat study
176,0176.webp,field_exploration,environment_concept_or_breakdown,A,no,"High value for environment composition, traversal readability, ecological layering, color zoning, and combat-friendly spatial design.",environment exploration / biome / map / habitat study
177,0177.webp,field_exploration,environment_concept_or_breakdown,A,no,"High value for environment composition, traversal readability, ecological layering, color zoning, and combat-friendly spatial design.",environment exploration / biome / map / habitat study
178,0178.webp,field_exploration,environment_concept_or_breakdown,A,no,"High value for environment composition, traversal readability, ecological layering, color zoning, and combat-friendly spatial design.",environment exploration / biome / map / habitat study
179,0179.webp,field_exploration,environment_concept_or_breakdown,A,no,"High value for environment composition, traversal readability, ecological layering, color zoning, and combat-friendly spatial design.",environment exploration / biome / map / habitat study
180,0180.webp,field_exploration,environment_concept_or_breakdown,S,yes,crystalline lighting and elemental environment,environment exploration / biome / map / habitat study
181,0181.webp,field_exploration,environment_concept_or_breakdown,A,no,"High value for environment composition, traversal readability, ecological layering, color zoning, and combat-friendly spatial design.",environment exploration / biome / map / habitat study
182,0182.webp,field_exploration,environment_concept_or_breakdown,A,no,"High value for environment composition, traversal readability, ecological layering, color zoning, and combat-friendly spatial design.",environment exploration / biome / map / habitat study
183,0183.webp,field_exploration,environment_concept_or_breakdown,S,yes,city/environment integration concept page,environment exploration / biome / map / habitat study
184,0184.webp,field_exploration,environment_concept_or_breakdown,A,no,"High value for environment composition, traversal readability, ecological layering, color zoning, and combat-friendly spatial design.",environment exploration / biome / map / habitat study
185,0185.webp,field_exploration,environment_concept_or_breakdown,A,no,"High value for environment composition, traversal readability, ecological layering, color zoning, and combat-friendly spatial design.",environment exploration / biome / map / habitat study
186,0186.webp,field_exploration,environment_concept_or_breakdown,A,no,"High value for environment composition, traversal readability, ecological layering, color zoning, and combat-friendly spatial design.",environment exploration / biome / map / habitat study
187,0187.webp,field_exploration,environment_concept_or_breakdown,A,no,"High value for environment composition, traversal readability, ecological layering, color zoning, and combat-friendly spatial design.",environment exploration / biome / map / habitat study
188,0188.webp,field_exploration,environment_concept_or_breakdown,A,no,"High value for environment composition, traversal readability, ecological layering, color zoning, and combat-friendly spatial design.",environment exploration / biome / map / habitat study
189,0189.webp,field_exploration,environment_concept_or_breakdown,A,no,"High value for environment composition, traversal readability, ecological layering, color zoning, and combat-friendly spatial design.",environment exploration / biome / map / habitat study
190,0190.webp,field_exploration,environment_concept_or_breakdown,A,no,"High value for environment composition, traversal readability, ecological layering, color zoning, and combat-friendly spatial design.",environment exploration / biome / map / habitat study
191,0191.webp,field_exploration,environment_concept_or_breakdown,S,yes,golden cavern material and glow logic,environment exploration / biome / map / habitat study
192,0192.webp,field_exploration,environment_concept_or_breakdown,A,no,"High value for environment composition, traversal readability, ecological layering, color zoning, and combat-friendly spatial design.",environment exploration / biome / map / habitat study
193,0193.webp,field_exploration,environment_concept_or_breakdown,A,no,"High value for environment composition, traversal readability, ecological layering, color zoning, and combat-friendly spatial design.",environment exploration / biome / map / habitat study
194,0194.webp,field_exploration,environment_concept_or_breakdown,A,no,"High value for environment composition, traversal readability, ecological layering, color zoning, and combat-friendly spatial design.",environment exploration / biome / map / habitat study
195,0195.webp,field_exploration,environment_concept_or_breakdown,A,no,"High value for environment composition, traversal readability, ecological layering, color zoning, and combat-friendly spatial design.",environment exploration / biome / map / habitat study
196,0196.webp,field_exploration,environment_concept_or_breakdown,A,no,"High value for environment composition, traversal readability, ecological layering, color zoning, and combat-friendly spatial design.",environment exploration / biome / map / habitat study
197,0197.webp,field_exploration,environment_concept_or_breakdown,A,no,"High value for environment composition, traversal readability, ecological layering, color zoning, and combat-friendly spatial design.",environment exploration / biome / map / habitat study
198,0198.webp,field_exploration,environment_concept_or_breakdown,A,no,"High value for environment composition, traversal readability, ecological layering, color zoning, and combat-friendly spatial design.",environment exploration / biome / map / habitat study
199,0199.webp,field_exploration,environment_concept_or_breakdown,A,no,"High value for environment composition, traversal readability, ecological layering, color zoning, and combat-friendly spatial design.",environment exploration / biome / map / habitat study
200,0200.webp,monsters_and_endemic_life_I,monster_design_or_ecology_page,A,no,"High value for believable creature anatomy, habitat logic, attack organs, locomotion, and predator-prey identity.",large monsters and endemic life core section
201,0201.webp,monsters_and_endemic_life_I,monster_design_or_ecology_page,A,no,"High value for believable creature anatomy, habitat logic, attack organs, locomotion, and predator-prey identity.",large monsters and endemic life core section
202,0202.webp,monsters_and_endemic_life_I,monster_hero_or_design_sheet,S,yes,Great Jagras core monster design sheet,large monsters and endemic life core section
203,0203.webp,monsters_and_endemic_life_I,monster_design_or_ecology_page,A,no,"High value for believable creature anatomy, habitat logic, attack organs, locomotion, and predator-prey identity.",large monsters and endemic life core section
204,0204.webp,monsters_and_endemic_life_I,monster_design_or_ecology_page,A,no,"High value for believable creature anatomy, habitat logic, attack organs, locomotion, and predator-prey identity.",large monsters and endemic life core section
205,0205.webp,monsters_and_endemic_life_I,monster_design_or_ecology_page,S,yes,field behavior + anatomy pairing,large monsters and endemic life core section
206,0206.webp,monsters_and_endemic_life_I,monster_design_or_ecology_page,A,no,"High value for believable creature anatomy, habitat logic, attack organs, locomotion, and predator-prey identity.",large monsters and endemic life core section
207,0207.webp,monsters_and_endemic_life_I,monster_design_or_ecology_page,A,no,"High value for believable creature anatomy, habitat logic, attack organs, locomotion, and predator-prey identity.",large monsters and endemic life core section
208,0208.webp,monsters_and_endemic_life_I,monster_design_or_ecology_page,A,no,"High value for believable creature anatomy, habitat logic, attack organs, locomotion, and predator-prey identity.",large monsters and endemic life core section
209,0209.webp,monsters_and_endemic_life_I,monster_design_or_ecology_page,A,no,"High value for believable creature anatomy, habitat logic, attack organs, locomotion, and predator-prey identity.",large monsters and endemic life core section
210,0210.webp,monsters_and_endemic_life_I,monster_design_or_ecology_page,A,no,"High value for believable creature anatomy, habitat logic, attack organs, locomotion, and predator-prey identity.",large monsters and endemic life core section
211,0211.webp,monsters_and_endemic_life_I,monster_design_or_ecology_page,A,no,"High value for believable creature anatomy, habitat logic, attack organs, locomotion, and predator-prey identity.",large monsters and endemic life core section
212,0212.webp,monsters_and_endemic_life_I,monster_hero_or_design_sheet,S,yes,Pukei-Pukei color and organ-based attack design,large monsters and endemic life core section
213,0213.webp,monsters_and_endemic_life_I,monster_design_or_ecology_page,A,no,"High value for believable creature anatomy, habitat logic, attack organs, locomotion, and predator-prey identity.",large monsters and endemic life core section
214,0214.webp,monsters_and_endemic_life_I,monster_design_or_ecology_page,A,no,"High value for believable creature anatomy, habitat logic, attack organs, locomotion, and predator-prey identity.",large monsters and endemic life core section
215,0215.webp,monsters_and_endemic_life_I,monster_design_or_ecology_page,A,no,"High value for believable creature anatomy, habitat logic, attack organs, locomotion, and predator-prey identity.",large monsters and endemic life core section
216,0216.webp,monsters_and_endemic_life_I,monster_design_or_ecology_page,A,no,"High value for believable creature anatomy, habitat logic, attack organs, locomotion, and predator-prey identity.",large monsters and endemic life core section
217,0217.webp,monsters_and_endemic_life_I,monster_design_or_ecology_page,A,no,"High value for believable creature anatomy, habitat logic, attack organs, locomotion, and predator-prey identity.",large monsters and endemic life core section
218,0218.webp,monsters_and_endemic_life_I,monster_design_or_ecology_page,A,no,"High value for believable creature anatomy, habitat logic, attack organs, locomotion, and predator-prey identity.",large monsters and endemic life core section
219,0219.webp,monsters_and_endemic_life_I,monster_design_or_ecology_page,A,no,"High value for believable creature anatomy, habitat logic, attack organs, locomotion, and predator-prey identity.",large monsters and endemic life core section
220,0220.webp,monsters_and_endemic_life_I,monster_hero_or_design_sheet,S,yes,Barroth armor-plating anatomy and habitat logic,large monsters and endemic life core section
221,0221.webp,monsters_and_endemic_life_I,monster_design_or_ecology_page,A,no,"High value for believable creature anatomy, habitat logic, attack organs, locomotion, and predator-prey identity.",large monsters and endemic life core section
222,0222.webp,monsters_and_endemic_life_I,monster_design_or_ecology_page,A,no,"High value for believable creature anatomy, habitat logic, attack organs, locomotion, and predator-prey identity.",large monsters and endemic life core section
223,0223.webp,monsters_and_endemic_life_I,monster_design_or_ecology_page,A,no,"High value for believable creature anatomy, habitat logic, attack organs, locomotion, and predator-prey identity.",large monsters and endemic life core section
224,0224.webp,monsters_and_endemic_life_I,monster_design_or_ecology_page,A,no,"High value for believable creature anatomy, habitat logic, attack organs, locomotion, and predator-prey identity.",large monsters and endemic life core section
225,0225.webp,monsters_and_endemic_life_I,monster_design_or_ecology_page,A,no,"High value for believable creature anatomy, habitat logic, attack organs, locomotion, and predator-prey identity.",large monsters and endemic life core section
226,0226.webp,monsters_and_endemic_life_I,monster_design_or_ecology_page,A,no,"High value for believable creature anatomy, habitat logic, attack organs, locomotion, and predator-prey identity.",large monsters and endemic life core section
227,0227.webp,monsters_and_endemic_life_I,monster_design_or_ecology_page,A,no,"High value for believable creature anatomy, habitat logic, attack organs, locomotion, and predator-prey identity.",large monsters and endemic life core section
228,0228.webp,monsters_and_endemic_life_I,monster_hero_or_design_sheet,S,yes,Tobi-Kadachi gliding silhouette and ecology,large monsters and endemic life core section
229,0229.webp,monsters_and_endemic_life_I,monster_design_or_ecology_page,A,no,"High value for believable creature anatomy, habitat logic, attack organs, locomotion, and predator-prey identity.",large monsters and endemic life core section
230,0230.webp,monsters_and_endemic_life_I,monster_design_or_ecology_page,A,no,"High value for believable creature anatomy, habitat logic, attack organs, locomotion, and predator-prey identity.",large monsters and endemic life core section
231,0231.webp,monsters_and_endemic_life_I,monster_design_or_ecology_page,A,no,"High value for believable creature anatomy, habitat logic, attack organs, locomotion, and predator-prey identity.",large monsters and endemic life core section
232,0232.webp,monsters_and_endemic_life_I,monster_design_or_ecology_page,A,no,"High value for believable creature anatomy, habitat logic, attack organs, locomotion, and predator-prey identity.",large monsters and endemic life core section
233,0233.webp,monsters_and_endemic_life_I,monster_design_or_ecology_page,A,no,"High value for believable creature anatomy, habitat logic, attack organs, locomotion, and predator-prey identity.",large monsters and endemic life core section
234,0234.webp,monsters_and_endemic_life_I,monster_design_or_ecology_page,A,no,"High value for believable creature anatomy, habitat logic, attack organs, locomotion, and predator-prey identity.",large monsters and endemic life core section
235,0235.webp,monsters_and_endemic_life_I,monster_hero_or_design_sheet,S,yes,Anjanath predator mass and locomotion logic,large monsters and endemic life core section
236,0236.webp,monsters_and_endemic_life_I,monster_design_or_ecology_page,A,no,"High value for believable creature anatomy, habitat logic, attack organs, locomotion, and predator-prey identity.",large monsters and endemic life core section
237,0237.webp,monsters_and_endemic_life_I,monster_design_or_ecology_page,A,no,"High value for believable creature anatomy, habitat logic, attack organs, locomotion, and predator-prey identity.",large monsters and endemic life core section
238,0238.webp,monsters_and_endemic_life_I,monster_design_or_ecology_page,A,no,"High value for believable creature anatomy, habitat logic, attack organs, locomotion, and predator-prey identity.",large monsters and endemic life core section
239,0239.webp,monsters_and_endemic_life_I,monster_design_or_ecology_page,A,no,"High value for believable creature anatomy, habitat logic, attack organs, locomotion, and predator-prey identity.",large monsters and endemic life core section
240,0240.webp,monsters_and_endemic_life_I,monster_hero_or_design_sheet,S,yes,Rathian iconic wyvern silhouette,large monsters and endemic life core section
241,0241.webp,monsters_and_endemic_life_I,monster_design_or_ecology_page,A,no,"High value for believable creature anatomy, habitat logic, attack organs, locomotion, and predator-prey identity.",large monsters and endemic life core section
242,0242.webp,monsters_and_endemic_life_I,monster_design_or_ecology_page,A,no,"High value for believable creature anatomy, habitat logic, attack organs, locomotion, and predator-prey identity.",large monsters and endemic life core section
243,0243.webp,monsters_and_endemic_life_I,monster_design_or_ecology_page,A,no,"High value for believable creature anatomy, habitat logic, attack organs, locomotion, and predator-prey identity.",large monsters and endemic life core section
244,0244.webp,monsters_and_endemic_life_I,monster_design_or_ecology_page,A,no,"High value for believable creature anatomy, habitat logic, attack organs, locomotion, and predator-prey identity.",large monsters and endemic life core section
245,0245.webp,monsters_and_endemic_life_I,monster_hero_or_design_sheet,S,yes,Tzitzi-Ya-Ku flash organ and display behavior,large monsters and endemic life core section
246,0246.webp,monsters_and_endemic_life_I,monster_design_or_ecology_page,A,no,"High value for believable creature anatomy, habitat logic, attack organs, locomotion, and predator-prey identity.",large monsters and endemic life core section
247,0247.webp,monsters_and_endemic_life_I,monster_design_or_ecology_page,A,no,"High value for believable creature anatomy, habitat logic, attack organs, locomotion, and predator-prey identity.",large monsters and endemic life core section
248,0248.webp,monsters_and_endemic_life_I,monster_design_or_ecology_page,A,no,"High value for believable creature anatomy, habitat logic, attack organs, locomotion, and predator-prey identity.",large monsters and endemic life core section
249,0249.webp,monsters_and_endemic_life_I,monster_design_or_ecology_page,A,no,"High value for believable creature anatomy, habitat logic, attack organs, locomotion, and predator-prey identity.",large monsters and endemic life core section
250,0250.webp,monsters_and_endemic_life_I,monster_hero_or_design_sheet,S,yes,Paolumu balloon body concept and behavioral adaptation,large monsters and endemic life core section
251,0251.webp,monsters_and_endemic_life_I,monster_design_or_ecology_page,A,no,"High value for believable creature anatomy, habitat logic, attack organs, locomotion, and predator-prey identity.",large monsters and endemic life core section
252,0252.webp,monsters_and_endemic_life_I,monster_design_or_ecology_page,A,no,"High value for believable creature anatomy, habitat logic, attack organs, locomotion, and predator-prey identity.",large monsters and endemic life core section
253,0253.webp,monsters_and_endemic_life_I,monster_design_or_ecology_page,A,no,"High value for believable creature anatomy, habitat logic, attack organs, locomotion, and predator-prey identity.",large monsters and endemic life core section
254,0254.webp,monsters_and_endemic_life_I,monster_design_or_ecology_page,A,no,"High value for believable creature anatomy, habitat logic, attack organs, locomotion, and predator-prey identity.",large monsters and endemic life core section
255,0255.webp,monsters_and_endemic_life_I,monster_design_or_ecology_page,A,no,"High value for believable creature anatomy, habitat logic, attack organs, locomotion, and predator-prey identity.",large monsters and endemic life core section
256,0256.webp,monsters_and_endemic_life_I,monster_design_or_ecology_page,A,no,"High value for believable creature anatomy, habitat logic, attack organs, locomotion, and predator-prey identity.",large monsters and endemic life core section
257,0257.webp,monsters_and_endemic_life_I,monster_design_or_ecology_page,A,no,"High value for believable creature anatomy, habitat logic, attack organs, locomotion, and predator-prey identity.",large monsters and endemic life core section
258,0258.webp,monsters_and_endemic_life_I,monster_design_or_ecology_page,A,no,"High value for believable creature anatomy, habitat logic, attack organs, locomotion, and predator-prey identity.",large monsters and endemic life core section
259,0259.webp,monsters_and_endemic_life_I,monster_design_or_ecology_page,A,no,"High value for believable creature anatomy, habitat logic, attack organs, locomotion, and predator-prey identity.",large monsters and endemic life core section
260,0260.webp,monsters_and_endemic_life_I,monster_hero_or_design_sheet,S,yes,Radobaan bone-armor material translation,large monsters and endemic life core section
261,0261.webp,monsters_and_endemic_life_I,monster_design_or_ecology_page,A,no,"High value for believable creature anatomy, habitat logic, attack organs, locomotion, and predator-prey identity.",large monsters and endemic life core section
262,0262.webp,monsters_and_endemic_life_I,monster_design_or_ecology_page,A,no,"High value for believable creature anatomy, habitat logic, attack organs, locomotion, and predator-prey identity.",large monsters and endemic life core section
263,0263.webp,monsters_and_endemic_life_I,monster_design_or_ecology_page,A,no,"High value for believable creature anatomy, habitat logic, attack organs, locomotion, and predator-prey identity.",large monsters and endemic life core section
264,0264.webp,monsters_and_endemic_life_I,monster_design_or_ecology_page,A,no,"High value for believable creature anatomy, habitat logic, attack organs, locomotion, and predator-prey identity.",large monsters and endemic life core section
265,0265.webp,monsters_and_endemic_life_I,monster_design_or_ecology_page,A,no,"High value for believable creature anatomy, habitat logic, attack organs, locomotion, and predator-prey identity.",large monsters and endemic life core section
266,0266.webp,monsters_and_endemic_life_I,monster_hero_or_design_sheet,S,yes,Legiana flight form elegance and wing study,large monsters and endemic life core section
267,0267.webp,monsters_and_endemic_life_I,monster_design_or_ecology_page,A,no,"High value for believable creature anatomy, habitat logic, attack organs, locomotion, and predator-prey identity.",large monsters and endemic life core section
268,0268.webp,monsters_and_endemic_life_I,monster_design_or_ecology_page,A,no,"High value for believable creature anatomy, habitat logic, attack organs, locomotion, and predator-prey identity.",large monsters and endemic life core section
269,0269.webp,monsters_and_endemic_life_I,monster_design_or_ecology_page,A,no,"High value for believable creature anatomy, habitat logic, attack organs, locomotion, and predator-prey identity.",large monsters and endemic life core section
270,0270.webp,monsters_and_endemic_life_I,monster_design_or_ecology_page,A,no,"High value for believable creature anatomy, habitat logic, attack organs, locomotion, and predator-prey identity.",large monsters and endemic life core section
271,0271.webp,monsters_and_endemic_life_I,monster_design_or_ecology_page,A,no,"High value for believable creature anatomy, habitat logic, attack organs, locomotion, and predator-prey identity.",large monsters and endemic life core section
272,0272.webp,monsters_and_endemic_life_I,monster_design_or_ecology_page,A,no,"High value for believable creature anatomy, habitat logic, attack organs, locomotion, and predator-prey identity.",large monsters and endemic life core section
273,0273.webp,monsters_and_endemic_life_I,monster_design_or_ecology_page,A,no,"High value for believable creature anatomy, habitat logic, attack organs, locomotion, and predator-prey identity.",large monsters and endemic life core section
274,0274.webp,monsters_and_endemic_life_I,monster_design_or_ecology_page,A,no,"High value for believable creature anatomy, habitat logic, attack organs, locomotion, and predator-prey identity.",large monsters and endemic life core section
275,0275.webp,monsters_and_endemic_life_I,monster_hero_or_design_sheet,S,yes,Odogaron speed predator anatomy,large monsters and endemic life core section
276,0276.webp,monsters_and_endemic_life_I,monster_design_or_ecology_page,A,no,"High value for believable creature anatomy, habitat logic, attack organs, locomotion, and predator-prey identity.",large monsters and endemic life core section
277,0277.webp,monsters_and_endemic_life_I,monster_design_or_ecology_page,A,no,"High value for believable creature anatomy, habitat logic, attack organs, locomotion, and predator-prey identity.",large monsters and endemic life core section
278,0278.webp,monsters_and_endemic_life_I,monster_design_or_ecology_page,A,no,"High value for believable creature anatomy, habitat logic, attack organs, locomotion, and predator-prey identity.",large monsters and endemic life core section
279,0279.webp,monsters_and_endemic_life_I,monster_design_or_ecology_page,A,no,"High value for believable creature anatomy, habitat logic, attack organs, locomotion, and predator-prey identity.",large monsters and endemic life core section
280,0280.webp,monsters_and_endemic_life_I,monster_hero_or_design_sheet,S,yes,Bazelgeuse explosive body language,large monsters and endemic life core section
281,0281.webp,monsters_and_endemic_life_I,monster_design_or_ecology_page,A,no,"High value for believable creature anatomy, habitat logic, attack organs, locomotion, and predator-prey identity.",large monsters and endemic life core section
282,0282.webp,monsters_and_endemic_life_I,monster_design_or_ecology_page,A,no,"High value for believable creature anatomy, habitat logic, attack organs, locomotion, and predator-prey identity.",large monsters and endemic life core section
283,0283.webp,monsters_and_endemic_life_I,monster_design_or_ecology_page,A,no,"High value for believable creature anatomy, habitat logic, attack organs, locomotion, and predator-prey identity.",large monsters and endemic life core section
284,0284.webp,monsters_and_endemic_life_I,monster_design_or_ecology_page,A,no,"High value for believable creature anatomy, habitat logic, attack organs, locomotion, and predator-prey identity.",large monsters and endemic life core section
285,0285.webp,monsters_and_endemic_life_I,monster_design_or_ecology_page,A,no,"High value for believable creature anatomy, habitat logic, attack organs, locomotion, and predator-prey identity.",large monsters and endemic life core section
286,0286.webp,monsters_and_endemic_life_I,monster_design_or_ecology_page,A,no,"High value for believable creature anatomy, habitat logic, attack organs, locomotion, and predator-prey identity.",large monsters and endemic life core section
287,0287.webp,monsters_and_endemic_life_I,monster_design_or_ecology_page,A,no,"High value for believable creature anatomy, habitat logic, attack organs, locomotion, and predator-prey identity.",large monsters and endemic life core section
288,0288.webp,monsters_and_endemic_life_I,monster_design_or_ecology_page,A,no,"High value for believable creature anatomy, habitat logic, attack organs, locomotion, and predator-prey identity.",large monsters and endemic life core section
289,0289.webp,monsters_and_endemic_life_I,monster_design_or_ecology_page,A,no,"High value for believable creature anatomy, habitat logic, attack organs, locomotion, and predator-prey identity.",large monsters and endemic life core section
290,0290.webp,monsters_and_endemic_life_I,monster_hero_or_design_sheet,S,yes,Kirin mythical lightning-beast minimal silhouette,large monsters and endemic life core section
291,0291.webp,monsters_and_endemic_life_I,monster_design_or_ecology_page,A,no,"High value for believable creature anatomy, habitat logic, attack organs, locomotion, and predator-prey identity.",large monsters and endemic life core section
292,0292.webp,monsters_and_endemic_life_I,monster_design_or_ecology_page,A,no,"High value for believable creature anatomy, habitat logic, attack organs, locomotion, and predator-prey identity.",large monsters and endemic life core section
293,0293.webp,monsters_and_endemic_life_I,monster_design_or_ecology_page,A,no,"High value for believable creature anatomy, habitat logic, attack organs, locomotion, and predator-prey identity.",large monsters and endemic life core section
294,0294.webp,monsters_and_endemic_life_I,monster_design_or_ecology_page,A,no,"High value for believable creature anatomy, habitat logic, attack organs, locomotion, and predator-prey identity.",large monsters and endemic life core section
295,0295.webp,monsters_and_endemic_life_I,monster_hero_or_design_sheet,S,yes,Zorah Magdaros colossal scale and surface ecology,large monsters and endemic life core section
296,0296.webp,monsters_and_endemic_life_I,monster_design_or_ecology_page,A,no,"High value for believable creature anatomy, habitat logic, attack organs, locomotion, and predator-prey identity.",large monsters and endemic life core section
297,0297.webp,monsters_and_endemic_life_I,monster_design_or_ecology_page,A,no,"High value for believable creature anatomy, habitat logic, attack organs, locomotion, and predator-prey identity.",large monsters and endemic life core section
298,0298.webp,monsters_and_endemic_life_I,monster_design_or_ecology_page,A,no,"High value for believable creature anatomy, habitat logic, attack organs, locomotion, and predator-prey identity.",large monsters and endemic life core section
299,0299.webp,monsters_and_endemic_life_I,monster_design_or_ecology_page,A,no,"High value for believable creature anatomy, habitat logic, attack organs, locomotion, and predator-prey identity.",large monsters and endemic life core section
300,0300.webp,monsters_and_endemic_life_II,monster_design_or_ecology_page,A,no,"High value for advanced monster variants, elder-dragon grandeur, material-specific anatomy, and boss spectacle logic.",advanced monsters / elder dragons / late-game creatures
301,0301.webp,monsters_and_endemic_life_II,monster_design_or_ecology_page,A,no,"High value for advanced monster variants, elder-dragon grandeur, material-specific anatomy, and boss spectacle logic.",advanced monsters / elder dragons / late-game creatures
302,0302.webp,monsters_and_endemic_life_II,monster_design_or_ecology_page,A,no,"High value for advanced monster variants, elder-dragon grandeur, material-specific anatomy, and boss spectacle logic.",advanced monsters / elder dragons / late-game creatures
303,0303.webp,monsters_and_endemic_life_II,monster_design_or_ecology_page,A,no,"High value for advanced monster variants, elder-dragon grandeur, material-specific anatomy, and boss spectacle logic.",advanced monsters / elder dragons / late-game creatures
304,0304.webp,monsters_and_endemic_life_II,monster_design_or_ecology_page,A,no,"High value for advanced monster variants, elder-dragon grandeur, material-specific anatomy, and boss spectacle logic.",advanced monsters / elder dragons / late-game creatures
305,0305.webp,monsters_and_endemic_life_II,monster_design_or_ecology_page,A,no,"High value for advanced monster variants, elder-dragon grandeur, material-specific anatomy, and boss spectacle logic.",advanced monsters / elder dragons / late-game creatures
306,0306.webp,monsters_and_endemic_life_II,monster_design_or_ecology_page,A,no,"High value for advanced monster variants, elder-dragon grandeur, material-specific anatomy, and boss spectacle logic.",advanced monsters / elder dragons / late-game creatures
307,0307.webp,monsters_and_endemic_life_II,monster_design_or_ecology_page,A,no,"High value for advanced monster variants, elder-dragon grandeur, material-specific anatomy, and boss spectacle logic.",advanced monsters / elder dragons / late-game creatures
308,0308.webp,monsters_and_endemic_life_II,monster_design_or_ecology_page,A,no,"High value for advanced monster variants, elder-dragon grandeur, material-specific anatomy, and boss spectacle logic.",advanced monsters / elder dragons / late-game creatures
309,0309.webp,monsters_and_endemic_life_II,monster_design_or_ecology_page,A,no,"High value for advanced monster variants, elder-dragon grandeur, material-specific anatomy, and boss spectacle logic.",advanced monsters / elder dragons / late-game creatures
310,0310.webp,monsters_and_endemic_life_II,monster_hero_or_design_sheet,S,yes,Pink Rathian variant differentiation,advanced monsters / elder dragons / late-game creatures
311,0311.webp,monsters_and_endemic_life_II,monster_design_or_ecology_page,A,no,"High value for advanced monster variants, elder-dragon grandeur, material-specific anatomy, and boss spectacle logic.",advanced monsters / elder dragons / late-game creatures
312,0312.webp,monsters_and_endemic_life_II,monster_design_or_ecology_page,A,no,"High value for advanced monster variants, elder-dragon grandeur, material-specific anatomy, and boss spectacle logic.",advanced monsters / elder dragons / late-game creatures
313,0313.webp,monsters_and_endemic_life_II,monster_design_or_ecology_page,A,no,"High value for advanced monster variants, elder-dragon grandeur, material-specific anatomy, and boss spectacle logic.",advanced monsters / elder dragons / late-game creatures
314,0314.webp,monsters_and_endemic_life_II,monster_design_or_ecology_page,A,no,"High value for advanced monster variants, elder-dragon grandeur, material-specific anatomy, and boss spectacle logic.",advanced monsters / elder dragons / late-game creatures
315,0315.webp,monsters_and_endemic_life_II,monster_hero_or_design_sheet,S,yes,Bazelgeuse variant / wing graphic detail,advanced monsters / elder dragons / late-game creatures
316,0316.webp,monsters_and_endemic_life_II,monster_design_or_ecology_page,A,no,"High value for advanced monster variants, elder-dragon grandeur, material-specific anatomy, and boss spectacle logic.",advanced monsters / elder dragons / late-game creatures
317,0317.webp,monsters_and_endemic_life_II,monster_design_or_ecology_page,A,no,"High value for advanced monster variants, elder-dragon grandeur, material-specific anatomy, and boss spectacle logic.",advanced monsters / elder dragons / late-game creatures
318,0318.webp,monsters_and_endemic_life_II,monster_design_or_ecology_page,A,no,"High value for advanced monster variants, elder-dragon grandeur, material-specific anatomy, and boss spectacle logic.",advanced monsters / elder dragons / late-game creatures
319,0319.webp,monsters_and_endemic_life_II,monster_design_or_ecology_page,A,no,"High value for advanced monster variants, elder-dragon grandeur, material-specific anatomy, and boss spectacle logic.",advanced monsters / elder dragons / late-game creatures
320,0320.webp,monsters_and_endemic_life_II,monster_hero_or_design_sheet,S,yes,lavasioth heat and magma texture logic,advanced monsters / elder dragons / late-game creatures
321,0321.webp,monsters_and_endemic_life_II,monster_design_or_ecology_page,A,no,"High value for advanced monster variants, elder-dragon grandeur, material-specific anatomy, and boss spectacle logic.",advanced monsters / elder dragons / late-game creatures
322,0322.webp,monsters_and_endemic_life_II,monster_design_or_ecology_page,A,no,"High value for advanced monster variants, elder-dragon grandeur, material-specific anatomy, and boss spectacle logic.",advanced monsters / elder dragons / late-game creatures
323,0323.webp,monsters_and_endemic_life_II,monster_design_or_ecology_page,A,no,"High value for advanced monster variants, elder-dragon grandeur, material-specific anatomy, and boss spectacle logic.",advanced monsters / elder dragons / late-game creatures
324,0324.webp,monsters_and_endemic_life_II,monster_design_or_ecology_page,A,no,"High value for advanced monster variants, elder-dragon grandeur, material-specific anatomy, and boss spectacle logic.",advanced monsters / elder dragons / late-game creatures
325,0325.webp,monsters_and_endemic_life_II,monster_design_or_ecology_page,A,no,"High value for advanced monster variants, elder-dragon grandeur, material-specific anatomy, and boss spectacle logic.",advanced monsters / elder dragons / late-game creatures
326,0326.webp,monsters_and_endemic_life_II,monster_design_or_ecology_page,A,no,"High value for advanced monster variants, elder-dragon grandeur, material-specific anatomy, and boss spectacle logic.",advanced monsters / elder dragons / late-game creatures
327,0327.webp,monsters_and_endemic_life_II,monster_design_or_ecology_page,A,no,"High value for advanced monster variants, elder-dragon grandeur, material-specific anatomy, and boss spectacle logic.",advanced monsters / elder dragons / late-game creatures
328,0328.webp,monsters_and_endemic_life_II,monster_hero_or_design_sheet,S,yes,Azure Rathalos aerial predator variant,advanced monsters / elder dragons / late-game creatures
329,0329.webp,monsters_and_endemic_life_II,monster_design_or_ecology_page,A,no,"High value for advanced monster variants, elder-dragon grandeur, material-specific anatomy, and boss spectacle logic.",advanced monsters / elder dragons / late-game creatures
330,0330.webp,monsters_and_endemic_life_II,monster_design_or_ecology_page,A,no,"High value for advanced monster variants, elder-dragon grandeur, material-specific anatomy, and boss spectacle logic.",advanced monsters / elder dragons / late-game creatures
331,0331.webp,monsters_and_endemic_life_II,monster_design_or_ecology_page,A,no,"High value for advanced monster variants, elder-dragon grandeur, material-specific anatomy, and boss spectacle logic.",advanced monsters / elder dragons / late-game creatures
332,0332.webp,monsters_and_endemic_life_II,monster_hero_or_design_sheet,S,yes,Black Diablos horn and desert combat logic,advanced monsters / elder dragons / late-game creatures
333,0333.webp,monsters_and_endemic_life_II,monster_design_or_ecology_page,A,no,"High value for advanced monster variants, elder-dragon grandeur, material-specific anatomy, and boss spectacle logic.",advanced monsters / elder dragons / late-game creatures
334,0334.webp,monsters_and_endemic_life_II,monster_design_or_ecology_page,A,no,"High value for advanced monster variants, elder-dragon grandeur, material-specific anatomy, and boss spectacle logic.",advanced monsters / elder dragons / late-game creatures
335,0335.webp,monsters_and_endemic_life_II,monster_design_or_ecology_page,A,no,"High value for advanced monster variants, elder-dragon grandeur, material-specific anatomy, and boss spectacle logic.",advanced monsters / elder dragons / late-game creatures
336,0336.webp,monsters_and_endemic_life_II,monster_design_or_ecology_page,A,no,"High value for advanced monster variants, elder-dragon grandeur, material-specific anatomy, and boss spectacle logic.",advanced monsters / elder dragons / late-game creatures
337,0337.webp,monsters_and_endemic_life_II,monster_design_or_ecology_page,A,no,"High value for advanced monster variants, elder-dragon grandeur, material-specific anatomy, and boss spectacle logic.",advanced monsters / elder dragons / late-game creatures
338,0338.webp,monsters_and_endemic_life_II,monster_hero_or_design_sheet,S,yes,Nergigante spike regeneration and impact mass,advanced monsters / elder dragons / late-game creatures
339,0339.webp,monsters_and_endemic_life_II,monster_design_or_ecology_page,A,no,"High value for advanced monster variants, elder-dragon grandeur, material-specific anatomy, and boss spectacle logic.",advanced monsters / elder dragons / late-game creatures
340,0340.webp,monsters_and_endemic_life_II,monster_design_or_ecology_page,A,no,"High value for advanced monster variants, elder-dragon grandeur, material-specific anatomy, and boss spectacle logic.",advanced monsters / elder dragons / late-game creatures
341,0341.webp,monsters_and_endemic_life_II,monster_design_or_ecology_page,A,no,"High value for advanced monster variants, elder-dragon grandeur, material-specific anatomy, and boss spectacle logic.",advanced monsters / elder dragons / late-game creatures
342,0342.webp,monsters_and_endemic_life_II,monster_design_or_ecology_page,A,no,"High value for advanced monster variants, elder-dragon grandeur, material-specific anatomy, and boss spectacle logic.",advanced monsters / elder dragons / late-game creatures
343,0343.webp,monsters_and_endemic_life_II,monster_design_or_ecology_page,A,no,"High value for advanced monster variants, elder-dragon grandeur, material-specific anatomy, and boss spectacle logic.",advanced monsters / elder dragons / late-game creatures
344,0344.webp,monsters_and_endemic_life_II,monster_design_or_ecology_page,A,no,"High value for advanced monster variants, elder-dragon grandeur, material-specific anatomy, and boss spectacle logic.",advanced monsters / elder dragons / late-game creatures
345,0345.webp,monsters_and_endemic_life_II,monster_hero_or_design_sheet,S,yes,Vaal Hazak corpse-gas horror anatomy,advanced monsters / elder dragons / late-game creatures
346,0346.webp,monsters_and_endemic_life_II,monster_design_or_ecology_page,A,no,"High value for advanced monster variants, elder-dragon grandeur, material-specific anatomy, and boss spectacle logic.",advanced monsters / elder dragons / late-game creatures
347,0347.webp,monsters_and_endemic_life_II,monster_design_or_ecology_page,A,no,"High value for advanced monster variants, elder-dragon grandeur, material-specific anatomy, and boss spectacle logic.",advanced monsters / elder dragons / late-game creatures
348,0348.webp,monsters_and_endemic_life_II,monster_design_or_ecology_page,A,no,"High value for advanced monster variants, elder-dragon grandeur, material-specific anatomy, and boss spectacle logic.",advanced monsters / elder dragons / late-game creatures
349,0349.webp,monsters_and_endemic_life_II,monster_design_or_ecology_page,A,no,"High value for advanced monster variants, elder-dragon grandeur, material-specific anatomy, and boss spectacle logic.",advanced monsters / elder dragons / late-game creatures
350,0350.webp,monsters_and_endemic_life_II,monster_hero_or_design_sheet,S,yes,Kushala Daora metallic elder dragon language,advanced monsters / elder dragons / late-game creatures
351,0351.webp,monsters_and_endemic_life_II,monster_design_or_ecology_page,A,no,"High value for advanced monster variants, elder-dragon grandeur, material-specific anatomy, and boss spectacle logic.",advanced monsters / elder dragons / late-game creatures
352,0352.webp,monsters_and_endemic_life_II,monster_design_or_ecology_page,A,no,"High value for advanced monster variants, elder-dragon grandeur, material-specific anatomy, and boss spectacle logic.",advanced monsters / elder dragons / late-game creatures
353,0353.webp,monsters_and_endemic_life_II,monster_design_or_ecology_page,A,no,"High value for advanced monster variants, elder-dragon grandeur, material-specific anatomy, and boss spectacle logic.",advanced monsters / elder dragons / late-game creatures
354,0354.webp,monsters_and_endemic_life_II,monster_design_or_ecology_page,A,no,"High value for advanced monster variants, elder-dragon grandeur, material-specific anatomy, and boss spectacle logic.",advanced monsters / elder dragons / late-game creatures
355,0355.webp,monsters_and_endemic_life_II,monster_hero_or_design_sheet,S,yes,Xeno'jiiva alien bioluminescent creature logic,advanced monsters / elder dragons / late-game creatures
356,0356.webp,monsters_and_endemic_life_II,monster_design_or_ecology_page,A,no,"High value for advanced monster variants, elder-dragon grandeur, material-specific anatomy, and boss spectacle logic.",advanced monsters / elder dragons / late-game creatures
357,0357.webp,monsters_and_endemic_life_II,monster_design_or_ecology_page,A,no,"High value for advanced monster variants, elder-dragon grandeur, material-specific anatomy, and boss spectacle logic.",advanced monsters / elder dragons / late-game creatures
358,0358.webp,monsters_and_endemic_life_II,monster_design_or_ecology_page,A,no,"High value for advanced monster variants, elder-dragon grandeur, material-specific anatomy, and boss spectacle logic.",advanced monsters / elder dragons / late-game creatures
359,0359.webp,monsters_and_endemic_life_II,monster_design_or_ecology_page,A,no,"High value for advanced monster variants, elder-dragon grandeur, material-specific anatomy, and boss spectacle logic.",advanced monsters / elder dragons / late-game creatures
360,0360.webp,monsters_and_endemic_life_II,monster_design_or_ecology_page,A,no,"High value for advanced monster variants, elder-dragon grandeur, material-specific anatomy, and boss spectacle logic.",advanced monsters / elder dragons / late-game creatures
361,0361.webp,monsters_and_endemic_life_II,monster_design_or_ecology_page,A,no,"High value for advanced monster variants, elder-dragon grandeur, material-specific anatomy, and boss spectacle logic.",advanced monsters / elder dragons / late-game creatures
362,0362.webp,monsters_and_endemic_life_II,monster_design_or_ecology_page,A,no,"High value for advanced monster variants, elder-dragon grandeur, material-specific anatomy, and boss spectacle logic.",advanced monsters / elder dragons / late-game creatures
363,0363.webp,monsters_and_endemic_life_II,monster_design_or_ecology_page,A,no,"High value for advanced monster variants, elder-dragon grandeur, material-specific anatomy, and boss spectacle logic.",advanced monsters / elder dragons / late-game creatures
364,0364.webp,monsters_and_endemic_life_II,monster_design_or_ecology_page,A,no,"High value for advanced monster variants, elder-dragon grandeur, material-specific anatomy, and boss spectacle logic.",advanced monsters / elder dragons / late-game creatures
365,0365.webp,monsters_and_endemic_life_II,monster_design_or_ecology_page,A,no,"High value for advanced monster variants, elder-dragon grandeur, material-specific anatomy, and boss spectacle logic.",advanced monsters / elder dragons / late-game creatures
366,0366.webp,monsters_and_endemic_life_II,monster_design_or_ecology_page,A,no,"High value for advanced monster variants, elder-dragon grandeur, material-specific anatomy, and boss spectacle logic.",advanced monsters / elder dragons / late-game creatures
367,0367.webp,monsters_and_endemic_life_II,monster_design_or_ecology_page,A,no,"High value for advanced monster variants, elder-dragon grandeur, material-specific anatomy, and boss spectacle logic.",advanced monsters / elder dragons / late-game creatures
368,0368.webp,monsters_and_endemic_life_II,monster_design_or_ecology_page,A,no,"High value for advanced monster variants, elder-dragon grandeur, material-specific anatomy, and boss spectacle logic.",advanced monsters / elder dragons / late-game creatures
369,0369.webp,monsters_and_endemic_life_II,monster_design_or_ecology_page,A,no,"High value for advanced monster variants, elder-dragon grandeur, material-specific anatomy, and boss spectacle logic.",advanced monsters / elder dragons / late-game creatures
370,0370.webp,monsters_and_endemic_life_II,monster_hero_or_design_sheet,S,yes,Deviljho brute force volume and predation tone,advanced monsters / elder dragons / late-game creatures
371,0371.webp,monsters_and_endemic_life_II,monster_design_or_ecology_page,A,no,"High value for advanced monster variants, elder-dragon grandeur, material-specific anatomy, and boss spectacle logic.",advanced monsters / elder dragons / late-game creatures
372,0372.webp,monsters_and_endemic_life_II,monster_design_or_ecology_page,A,no,"High value for advanced monster variants, elder-dragon grandeur, material-specific anatomy, and boss spectacle logic.",advanced monsters / elder dragons / late-game creatures
373,0373.webp,monsters_and_endemic_life_II,monster_design_or_ecology_page,A,no,"High value for advanced monster variants, elder-dragon grandeur, material-specific anatomy, and boss spectacle logic.",advanced monsters / elder dragons / late-game creatures
374,0374.webp,monsters_and_endemic_life_II,monster_design_or_ecology_page,A,no,"High value for advanced monster variants, elder-dragon grandeur, material-specific anatomy, and boss spectacle logic.",advanced monsters / elder dragons / late-game creatures
375,0375.webp,monsters_and_endemic_life_II,monster_design_or_ecology_page,A,no,"High value for advanced monster variants, elder-dragon grandeur, material-specific anatomy, and boss spectacle logic.",advanced monsters / elder dragons / late-game creatures
376,0376.webp,monsters_and_endemic_life_II,monster_hero_or_design_sheet,S,yes,Kulve Taroth precious-metal material fantasy,advanced monsters / elder dragons / late-game creatures
377,0377.webp,monsters_and_endemic_life_II,monster_design_or_ecology_page,A,no,"High value for advanced monster variants, elder-dragon grandeur, material-specific anatomy, and boss spectacle logic.",advanced monsters / elder dragons / late-game creatures
378,0378.webp,monsters_and_endemic_life_II,monster_design_or_ecology_page,A,no,"High value for advanced monster variants, elder-dragon grandeur, material-specific anatomy, and boss spectacle logic.",advanced monsters / elder dragons / late-game creatures
379,0379.webp,monsters_and_endemic_life_II,monster_design_or_ecology_page,A,no,"High value for advanced monster variants, elder-dragon grandeur, material-specific anatomy, and boss spectacle logic.",advanced monsters / elder dragons / late-game creatures
380,0380.webp,monsters_and_endemic_life_II,monster_design_or_ecology_page,A,no,"High value for advanced monster variants, elder-dragon grandeur, material-specific anatomy, and boss spectacle logic.",advanced monsters / elder dragons / late-game creatures
381,0381.webp,monsters_and_endemic_life_II,monster_design_or_ecology_page,A,no,"High value for advanced monster variants, elder-dragon grandeur, material-specific anatomy, and boss spectacle logic.",advanced monsters / elder dragons / late-game creatures
382,0382.webp,monsters_and_endemic_life_II,monster_hero_or_design_sheet,S,yes,Lunastra blue-flame identity and regal body mass,advanced monsters / elder dragons / late-game creatures
383,0383.webp,monsters_and_endemic_life_II,monster_design_or_ecology_page,A,no,"High value for advanced monster variants, elder-dragon grandeur, material-specific anatomy, and boss spectacle logic.",advanced monsters / elder dragons / late-game creatures
384,0384.webp,monsters_and_endemic_life_II,monster_design_or_ecology_page,A,no,"High value for advanced monster variants, elder-dragon grandeur, material-specific anatomy, and boss spectacle logic.",advanced monsters / elder dragons / late-game creatures
385,0385.webp,monsters_and_endemic_life_II,monster_design_or_ecology_page,A,no,"High value for advanced monster variants, elder-dragon grandeur, material-specific anatomy, and boss spectacle logic.",advanced monsters / elder dragons / late-game creatures
386,0386.webp,monsters_and_endemic_life_II,monster_design_or_ecology_page,A,no,"High value for advanced monster variants, elder-dragon grandeur, material-specific anatomy, and boss spectacle logic.",advanced monsters / elder dragons / late-game creatures
387,0387.webp,monsters_and_endemic_life_II,monster_design_or_ecology_page,A,no,"High value for advanced monster variants, elder-dragon grandeur, material-specific anatomy, and boss spectacle logic.",advanced monsters / elder dragons / late-game creatures
388,0388.webp,monsters_and_endemic_life_II,monster_design_or_ecology_page,A,no,"High value for advanced monster variants, elder-dragon grandeur, material-specific anatomy, and boss spectacle logic.",advanced monsters / elder dragons / late-game creatures
389,0389.webp,monsters_and_endemic_life_II,monster_hero_or_design_sheet,S,yes,Behemoth crossover boss language and raid presentation,advanced monsters / elder dragons / late-game creatures
390,0390.webp,monsters_and_endemic_life_II,monster_design_or_ecology_page,A,no,"High value for advanced monster variants, elder-dragon grandeur, material-specific anatomy, and boss spectacle logic.",advanced monsters / elder dragons / late-game creatures
391,0391.webp,monsters_and_endemic_life_II,monster_design_or_ecology_page,A,no,"High value for advanced monster variants, elder-dragon grandeur, material-specific anatomy, and boss spectacle logic.",advanced monsters / elder dragons / late-game creatures
392,0392.webp,monsters_and_endemic_life_II,monster_design_or_ecology_page,A,no,"High value for advanced monster variants, elder-dragon grandeur, material-specific anatomy, and boss spectacle logic.",advanced monsters / elder dragons / late-game creatures
393,0393.webp,monsters_and_endemic_life_II,monster_design_or_ecology_page,A,no,"High value for advanced monster variants, elder-dragon grandeur, material-specific anatomy, and boss spectacle logic.",advanced monsters / elder dragons / late-game creatures
394,0394.webp,monsters_and_endemic_life_II,monster_design_or_ecology_page,A,no,"High value for advanced monster variants, elder-dragon grandeur, material-specific anatomy, and boss spectacle logic.",advanced monsters / elder dragons / late-game creatures
395,0395.webp,monsters_and_endemic_life_II,monster_design_or_ecology_page,A,no,"High value for advanced monster variants, elder-dragon grandeur, material-specific anatomy, and boss spectacle logic.",advanced monsters / elder dragons / late-game creatures
396,0396.webp,monsters_and_endemic_life_II,monster_design_or_ecology_page,A,no,"High value for advanced monster variants, elder-dragon grandeur, material-specific anatomy, and boss spectacle logic.",advanced monsters / elder dragons / late-game creatures
397,0397.webp,monsters_and_endemic_life_II,monster_design_or_ecology_page,A,no,"High value for advanced monster variants, elder-dragon grandeur, material-specific anatomy, and boss spectacle logic.",advanced monsters / elder dragons / late-game creatures
398,0398.webp,monsters_and_endemic_life_II,monster_design_or_ecology_page,A,no,"High value for advanced monster variants, elder-dragon grandeur, material-specific anatomy, and boss spectacle logic.",advanced monsters / elder dragons / late-game creatures
399,0399.webp,monsters_and_endemic_life_II,monster_design_or_ecology_page,A,no,"High value for advanced monster variants, elder-dragon grandeur, material-specific anatomy, and boss spectacle logic.",advanced monsters / elder dragons / late-game creatures
400,0400.webp,small_creatures_reference,small_fauna_reference,B,no,Useful as supporting biodiversity layer and for ambient-life design simplification.,small fauna / fish / insects / reference boards
401,0401.webp,small_creatures_reference,small_fauna_reference,B,no,Useful as supporting biodiversity layer and for ambient-life design simplification.,small fauna / fish / insects / reference boards
402,0402.webp,small_creatures_reference,small_fauna_reference,B,no,Useful as supporting biodiversity layer and for ambient-life design simplification.,small fauna / fish / insects / reference boards
403,0403.webp,small_creatures_reference,small_fauna_reference,B,no,Useful as supporting biodiversity layer and for ambient-life design simplification.,small fauna / fish / insects / reference boards
404,0404.webp,small_creatures_reference,small_fauna_reference,B,no,Useful as supporting biodiversity layer and for ambient-life design simplification.,small fauna / fish / insects / reference boards
405,0405.webp,small_creatures_reference,small_fauna_reference,S,yes,fish and aquatic life functional simplification,small fauna / fish / insects / reference boards
406,0406.webp,small_creatures_reference,small_fauna_reference,B,no,Useful as supporting biodiversity layer and for ambient-life design simplification.,small fauna / fish / insects / reference boards
407,0407.webp,small_creatures_reference,small_fauna_reference,B,no,Useful as supporting biodiversity layer and for ambient-life design simplification.,small fauna / fish / insects / reference boards
408,0408.webp,small_creatures_reference,small_fauna_reference,B,no,Useful as supporting biodiversity layer and for ambient-life design simplification.,small fauna / fish / insects / reference boards
409,0409.webp,small_creatures_reference,small_fauna_reference,B,no,Useful as supporting biodiversity layer and for ambient-life design simplification.,small fauna / fish / insects / reference boards
410,0410.webp,small_creatures_reference,small_fauna_reference,S,yes,insect / butterfly / ambient fauna color note,small fauna / fish / insects / reference boards
411,0411.webp,small_creatures_reference,small_fauna_reference,B,no,Useful as supporting biodiversity layer and for ambient-life design simplification.,small fauna / fish / insects / reference boards
412,0412.webp,small_creatures_reference,small_fauna_reference,B,no,Useful as supporting biodiversity layer and for ambient-life design simplification.,small fauna / fish / insects / reference boards
413,0413.webp,small_creatures_reference,small_fauna_reference,B,no,Useful as supporting biodiversity layer and for ambient-life design simplification.,small fauna / fish / insects / reference boards
414,0414.webp,small_creatures_reference,small_fauna_reference,B,no,Useful as supporting biodiversity layer and for ambient-life design simplification.,small fauna / fish / insects / reference boards
415,0415.webp,small_creatures_reference,small_fauna_reference,B,no,Useful as supporting biodiversity layer and for ambient-life design simplification.,small fauna / fish / insects / reference boards
416,0416.webp,small_creatures_reference,small_fauna_reference,B,no,Useful as supporting biodiversity layer and for ambient-life design simplification.,small fauna / fish / insects / reference boards
417,0417.webp,small_creatures_reference,small_fauna_reference,B,no,Useful as supporting biodiversity layer and for ambient-life design simplification.,small fauna / fish / insects / reference boards
418,0418.webp,weapon_armor_and_production_design,weapon_armor_design_sheet,S,yes,chapter title weapon & armor section,"weapon, armor, gear, NPC, production design sheets"
419,0419.webp,weapon_armor_and_production_design,weapon_armor_design_sheet,A,no,"Critical for material-to-gear translation, silhouette diversity, hunter role readability, and equipment family systems.","weapon, armor, gear, NPC, production design sheets"
420,0420.webp,weapon_armor_and_production_design,weapon_armor_design_sheet,S,yes,weapon families and hunter kit overview,"weapon, armor, gear, NPC, production design sheets"
421,0421.webp,weapon_armor_and_production_design,weapon_armor_design_sheet,A,no,"Critical for material-to-gear translation, silhouette diversity, hunter role readability, and equipment family systems.","weapon, armor, gear, NPC, production design sheets"
422,0422.webp,weapon_armor_and_production_design,weapon_armor_design_sheet,A,no,"Critical for material-to-gear translation, silhouette diversity, hunter role readability, and equipment family systems.","weapon, armor, gear, NPC, production design sheets"
423,0423.webp,weapon_armor_and_production_design,weapon_armor_design_sheet,S,yes,equipment-to-role visual differentiation,"weapon, armor, gear, NPC, production design sheets"
424,0424.webp,weapon_armor_and_production_design,weapon_armor_design_sheet,A,no,"Critical for material-to-gear translation, silhouette diversity, hunter role readability, and equipment family systems.","weapon, armor, gear, NPC, production design sheets"
425,0425.webp,weapon_armor_and_production_design,weapon_armor_design_sheet,A,no,"Critical for material-to-gear translation, silhouette diversity, hunter role readability, and equipment family systems.","weapon, armor, gear, NPC, production design sheets"
426,0426.webp,weapon_armor_and_production_design,weapon_armor_design_sheet,A,no,"Critical for material-to-gear translation, silhouette diversity, hunter role readability, and equipment family systems.","weapon, armor, gear, NPC, production design sheets"
427,0427.webp,weapon_armor_and_production_design,weapon_armor_design_sheet,A,no,"Critical for material-to-gear translation, silhouette diversity, hunter role readability, and equipment family systems.","weapon, armor, gear, NPC, production design sheets"
428,0428.webp,weapon_armor_and_production_design,weapon_armor_design_sheet,S,yes,weapon silhouette readability study,"weapon, armor, gear, NPC, production design sheets"
429,0429.webp,weapon_armor_and_production_design,weapon_armor_design_sheet,A,no,"Critical for material-to-gear translation, silhouette diversity, hunter role readability, and equipment family systems.","weapon, armor, gear, NPC, production design sheets"
430,0430.webp,weapon_armor_and_production_design,weapon_armor_design_sheet,A,no,"Critical for material-to-gear translation, silhouette diversity, hunter role readability, and equipment family systems.","weapon, armor, gear, NPC, production design sheets"
431,0431.webp,weapon_armor_and_production_design,weapon_armor_design_sheet,A,no,"Critical for material-to-gear translation, silhouette diversity, hunter role readability, and equipment family systems.","weapon, armor, gear, NPC, production design sheets"
432,0432.webp,weapon_armor_and_production_design,weapon_armor_design_sheet,A,no,"Critical for material-to-gear translation, silhouette diversity, hunter role readability, and equipment family systems.","weapon, armor, gear, NPC, production design sheets"
433,0433.webp,weapon_armor_and_production_design,weapon_armor_design_sheet,A,no,"Critical for material-to-gear translation, silhouette diversity, hunter role readability, and equipment family systems.","weapon, armor, gear, NPC, production design sheets"
434,0434.webp,weapon_armor_and_production_design,weapon_armor_design_sheet,S,yes,monster-to-armor translation example,"weapon, armor, gear, NPC, production design sheets"
435,0435.webp,weapon_armor_and_production_design,weapon_armor_design_sheet,A,no,"Critical for material-to-gear translation, silhouette diversity, hunter role readability, and equipment family systems.","weapon, armor, gear, NPC, production design sheets"
436,0436.webp,weapon_armor_and_production_design,weapon_armor_design_sheet,A,no,"Critical for material-to-gear translation, silhouette diversity, hunter role readability, and equipment family systems.","weapon, armor, gear, NPC, production design sheets"
437,0437.webp,weapon_armor_and_production_design,weapon_armor_design_sheet,A,no,"Critical for material-to-gear translation, silhouette diversity, hunter role readability, and equipment family systems.","weapon, armor, gear, NPC, production design sheets"
438,0438.webp,weapon_armor_and_production_design,weapon_armor_design_sheet,A,no,"Critical for material-to-gear translation, silhouette diversity, hunter role readability, and equipment family systems.","weapon, armor, gear, NPC, production design sheets"
439,0439.webp,weapon_armor_and_production_design,weapon_armor_design_sheet,A,no,"Critical for material-to-gear translation, silhouette diversity, hunter role readability, and equipment family systems.","weapon, armor, gear, NPC, production design sheets"
440,0440.webp,weapon_armor_and_production_design,weapon_armor_design_sheet,A,no,"Critical for material-to-gear translation, silhouette diversity, hunter role readability, and equipment family systems.","weapon, armor, gear, NPC, production design sheets"
441,0441.webp,weapon_armor_and_production_design,weapon_armor_design_sheet,A,no,"Critical for material-to-gear translation, silhouette diversity, hunter role readability, and equipment family systems.","weapon, armor, gear, NPC, production design sheets"
442,0442.webp,weapon_armor_and_production_design,weapon_armor_design_sheet,A,no,"Critical for material-to-gear translation, silhouette diversity, hunter role readability, and equipment family systems.","weapon, armor, gear, NPC, production design sheets"
443,0443.webp,weapon_armor_and_production_design,weapon_armor_design_sheet,S,yes,mechanical/tech-style equipment sheet,"weapon, armor, gear, NPC, production design sheets"
444,0444.webp,weapon_armor_and_production_design,weapon_armor_design_sheet,A,no,"Critical for material-to-gear translation, silhouette diversity, hunter role readability, and equipment family systems.","weapon, armor, gear, NPC, production design sheets"
445,0445.webp,weapon_armor_and_production_design,weapon_armor_design_sheet,A,no,"Critical for material-to-gear translation, silhouette diversity, hunter role readability, and equipment family systems.","weapon, armor, gear, NPC, production design sheets"
446,0446.webp,weapon_armor_and_production_design,weapon_armor_design_sheet,A,no,"Critical for material-to-gear translation, silhouette diversity, hunter role readability, and equipment family systems.","weapon, armor, gear, NPC, production design sheets"
447,0447.webp,weapon_armor_and_production_design,weapon_armor_design_sheet,A,no,"Critical for material-to-gear translation, silhouette diversity, hunter role readability, and equipment family systems.","weapon, armor, gear, NPC, production design sheets"
448,0448.webp,weapon_armor_and_production_design,weapon_armor_design_sheet,A,no,"Critical for material-to-gear translation, silhouette diversity, hunter role readability, and equipment family systems.","weapon, armor, gear, NPC, production design sheets"
449,0449.webp,weapon_armor_and_production_design,weapon_armor_design_sheet,A,no,"Critical for material-to-gear translation, silhouette diversity, hunter role readability, and equipment family systems.","weapon, armor, gear, NPC, production design sheets"
450,0450.webp,weapon_armor_and_production_design,weapon_armor_design_sheet,S,yes,heavy armor and aggressive weapon set,"weapon, armor, gear, NPC, production design sheets"
451,0451.webp,weapon_armor_and_production_design,weapon_armor_design_sheet,A,no,"Critical for material-to-gear translation, silhouette diversity, hunter role readability, and equipment family systems.","weapon, armor, gear, NPC, production design sheets"
452,0452.webp,weapon_armor_and_production_design,weapon_armor_design_sheet,A,no,"Critical for material-to-gear translation, silhouette diversity, hunter role readability, and equipment family systems.","weapon, armor, gear, NPC, production design sheets"
453,0453.webp,weapon_armor_and_production_design,weapon_armor_design_sheet,A,no,"Critical for material-to-gear translation, silhouette diversity, hunter role readability, and equipment family systems.","weapon, armor, gear, NPC, production design sheets"
454,0454.webp,weapon_armor_and_production_design,weapon_armor_design_sheet,A,no,"Critical for material-to-gear translation, silhouette diversity, hunter role readability, and equipment family systems.","weapon, armor, gear, NPC, production design sheets"
455,0455.webp,weapon_armor_and_production_design,weapon_armor_design_sheet,A,no,"Critical for material-to-gear translation, silhouette diversity, hunter role readability, and equipment family systems.","weapon, armor, gear, NPC, production design sheets"
456,0456.webp,weapon_armor_and_production_design,weapon_armor_design_sheet,A,no,"Critical for material-to-gear translation, silhouette diversity, hunter role readability, and equipment family systems.","weapon, armor, gear, NPC, production design sheets"
457,0457.webp,weapon_armor_and_production_design,weapon_armor_design_sheet,A,no,"Critical for material-to-gear translation, silhouette diversity, hunter role readability, and equipment family systems.","weapon, armor, gear, NPC, production design sheets"
458,0458.webp,weapon_armor_and_production_design,weapon_armor_design_sheet,A,no,"Critical for material-to-gear translation, silhouette diversity, hunter role readability, and equipment family systems.","weapon, armor, gear, NPC, production design sheets"
459,0459.webp,weapon_armor_and_production_design,weapon_armor_design_sheet,A,no,"Critical for material-to-gear translation, silhouette diversity, hunter role readability, and equipment family systems.","weapon, armor, gear, NPC, production design sheets"
460,0460.webp,weapon_armor_and_production_design,weapon_armor_design_sheet,A,no,"Critical for material-to-gear translation, silhouette diversity, hunter role readability, and equipment family systems.","weapon, armor, gear, NPC, production design sheets"
461,0461.webp,weapon_armor_and_production_design,weapon_armor_design_sheet,A,no,"Critical for material-to-gear translation, silhouette diversity, hunter role readability, and equipment family systems.","weapon, armor, gear, NPC, production design sheets"
462,0462.webp,weapon_armor_and_production_design,weapon_armor_design_sheet,S,yes,chibi / functional armor set overview,"weapon, armor, gear, NPC, production design sheets"
463,0463.webp,weapon_armor_and_production_design,weapon_armor_design_sheet,A,no,"Critical for material-to-gear translation, silhouette diversity, hunter role readability, and equipment family systems.","weapon, armor, gear, NPC, production design sheets"
464,0464.webp,weapon_armor_and_production_design,weapon_armor_design_sheet,A,no,"Critical for material-to-gear translation, silhouette diversity, hunter role readability, and equipment family systems.","weapon, armor, gear, NPC, production design sheets"
465,0465.webp,weapon_armor_and_production_design,weapon_armor_design_sheet,A,no,"Critical for material-to-gear translation, silhouette diversity, hunter role readability, and equipment family systems.","weapon, armor, gear, NPC, production design sheets"
466,0466.webp,weapon_armor_and_production_design,weapon_armor_design_sheet,A,no,"Critical for material-to-gear translation, silhouette diversity, hunter role readability, and equipment family systems.","weapon, armor, gear, NPC, production design sheets"
467,0467.webp,weapon_armor_and_production_design,weapon_armor_design_sheet,A,no,"Critical for material-to-gear translation, silhouette diversity, hunter role readability, and equipment family systems.","weapon, armor, gear, NPC, production design sheets"
468,0468.webp,weapon_armor_and_production_design,weapon_armor_design_sheet,A,no,"Critical for material-to-gear translation, silhouette diversity, hunter role readability, and equipment family systems.","weapon, armor, gear, NPC, production design sheets"
469,0469.webp,weapon_armor_and_production_design,weapon_armor_design_sheet,A,no,"Critical for material-to-gear translation, silhouette diversity, hunter role readability, and equipment family systems.","weapon, armor, gear, NPC, production design sheets"
470,0470.webp,weapon_armor_and_production_design,weapon_armor_design_sheet,A,no,"Critical for material-to-gear translation, silhouette diversity, hunter role readability, and equipment family systems.","weapon, armor, gear, NPC, production design sheets"
471,0471.webp,weapon_armor_and_production_design,weapon_armor_design_sheet,S,yes,ice-element set and material translation,"weapon, armor, gear, NPC, production design sheets"
472,0472.webp,weapon_armor_and_production_design,weapon_armor_design_sheet,A,no,"Critical for material-to-gear translation, silhouette diversity, hunter role readability, and equipment family systems.","weapon, armor, gear, NPC, production design sheets"
473,0473.webp,weapon_armor_and_production_design,weapon_armor_design_sheet,A,no,"Critical for material-to-gear translation, silhouette diversity, hunter role readability, and equipment family systems.","weapon, armor, gear, NPC, production design sheets"
474,0474.webp,weapon_armor_and_production_design,weapon_armor_design_sheet,A,no,"Critical for material-to-gear translation, silhouette diversity, hunter role readability, and equipment family systems.","weapon, armor, gear, NPC, production design sheets"
475,0475.webp,weapon_armor_and_production_design,weapon_armor_design_sheet,A,no,"Critical for material-to-gear translation, silhouette diversity, hunter role readability, and equipment family systems.","weapon, armor, gear, NPC, production design sheets"
476,0476.webp,weapon_armor_and_production_design,weapon_armor_design_sheet,A,no,"Critical for material-to-gear translation, silhouette diversity, hunter role readability, and equipment family systems.","weapon, armor, gear, NPC, production design sheets"
477,0477.webp,weapon_armor_and_production_design,weapon_armor_design_sheet,A,no,"Critical for material-to-gear translation, silhouette diversity, hunter role readability, and equipment family systems.","weapon, armor, gear, NPC, production design sheets"
478,0478.webp,weapon_armor_and_production_design,weapon_armor_design_sheet,A,no,"Critical for material-to-gear translation, silhouette diversity, hunter role readability, and equipment family systems.","weapon, armor, gear, NPC, production design sheets"
479,0479.webp,weapon_armor_and_production_design,weapon_armor_design_sheet,A,no,"Critical for material-to-gear translation, silhouette diversity, hunter role readability, and equipment family systems.","weapon, armor, gear, NPC, production design sheets"
480,0480.webp,weapon_armor_and_production_design,weapon_armor_design_sheet,A,no,"Critical for material-to-gear translation, silhouette diversity, hunter role readability, and equipment family systems.","weapon, armor, gear, NPC, production design sheets"
481,0481.webp,weapon_armor_and_production_design,weapon_armor_design_sheet,A,no,"Critical for material-to-gear translation, silhouette diversity, hunter role readability, and equipment family systems.","weapon, armor, gear, NPC, production design sheets"
482,0482.webp,weapon_armor_and_production_design,weapon_armor_design_sheet,A,no,"Critical for material-to-gear translation, silhouette diversity, hunter role readability, and equipment family systems.","weapon, armor, gear, NPC, production design sheets"
483,0483.webp,weapon_armor_and_production_design,weapon_armor_design_sheet,A,no,"Critical for material-to-gear translation, silhouette diversity, hunter role readability, and equipment family systems.","weapon, armor, gear, NPC, production design sheets"
484,0484.webp,weapon_armor_and_production_design,weapon_armor_design_sheet,A,no,"Critical for material-to-gear translation, silhouette diversity, hunter role readability, and equipment family systems.","weapon, armor, gear, NPC, production design sheets"
485,0485.webp,weapon_armor_and_production_design,weapon_armor_design_sheet,A,no,"Critical for material-to-gear translation, silhouette diversity, hunter role readability, and equipment family systems.","weapon, armor, gear, NPC, production design sheets"
486,0486.webp,weapon_armor_and_production_design,weapon_armor_design_sheet,S,yes,special NPC / themed costume palette,"weapon, armor, gear, NPC, production design sheets"
487,0487.webp,weapon_armor_and_production_design,weapon_armor_design_sheet,A,no,"Critical for material-to-gear translation, silhouette diversity, hunter role readability, and equipment family systems.","weapon, armor, gear, NPC, production design sheets"
488,0488.webp,weapon_armor_and_production_design,weapon_armor_design_sheet,A,no,"Critical for material-to-gear translation, silhouette diversity, hunter role readability, and equipment family systems.","weapon, armor, gear, NPC, production design sheets"
489,0489.webp,weapon_armor_and_production_design,weapon_armor_design_sheet,A,no,"Critical for material-to-gear translation, silhouette diversity, hunter role readability, and equipment family systems.","weapon, armor, gear, NPC, production design sheets"
490,0490.webp,weapon_armor_and_production_design,weapon_armor_design_sheet,A,no,"Critical for material-to-gear translation, silhouette diversity, hunter role readability, and equipment family systems.","weapon, armor, gear, NPC, production design sheets"
491,0491.webp,weapon_armor_and_production_design,weapon_armor_design_sheet,A,no,"Critical for material-to-gear translation, silhouette diversity, hunter role readability, and equipment family systems.","weapon, armor, gear, NPC, production design sheets"
492,0492.webp,weapon_armor_and_production_design,weapon_armor_design_sheet,A,no,"Critical for material-to-gear translation, silhouette diversity, hunter role readability, and equipment family systems.","weapon, armor, gear, NPC, production design sheets"
493,0493.webp,weapon_armor_and_production_design,weapon_armor_design_sheet,A,no,"Critical for material-to-gear translation, silhouette diversity, hunter role readability, and equipment family systems.","weapon, armor, gear, NPC, production design sheets"
494,0494.webp,weapon_armor_and_production_design,weapon_armor_design_sheet,S,yes,late-game armor hierarchy / prestige markers,"weapon, armor, gear, NPC, production design sheets"
495,0495.webp,weapon_armor_and_production_design,weapon_armor_design_sheet,A,no,"Critical for material-to-gear translation, silhouette diversity, hunter role readability, and equipment family systems.","weapon, armor, gear, NPC, production design sheets"
496,0496.webp,weapon_armor_and_production_design,weapon_armor_design_sheet,A,no,"Critical for material-to-gear translation, silhouette diversity, hunter role readability, and equipment family systems.","weapon, armor, gear, NPC, production design sheets"
497,0497.webp,weapon_armor_and_production_design,weapon_armor_design_sheet,A,no,"Critical for material-to-gear translation, silhouette diversity, hunter role readability, and equipment family systems.","weapon, armor, gear, NPC, production design sheets"
498,0498.webp,weapon_armor_and_production_design,weapon_armor_design_sheet,A,no,"Critical for material-to-gear translation, silhouette diversity, hunter role readability, and equipment family systems.","weapon, armor, gear, NPC, production design sheets"
499,0499.webp,weapon_armor_and_production_design,weapon_armor_design_sheet,A,no,"Critical for material-to-gear translation, silhouette diversity, hunter role readability, and equipment family systems.","weapon, armor, gear, NPC, production design sheets"
500,0500.webp,weapon_armor_and_production_design,weapon_armor_design_sheet,S,yes,full armor family comparison,"weapon, armor, gear, NPC, production design sheets"
501,0501.webp,weapon_armor_and_production_design,weapon_armor_design_sheet,A,no,"Critical for material-to-gear translation, silhouette diversity, hunter role readability, and equipment family systems.","weapon, armor, gear, NPC, production design sheets"
502,0502.webp,weapon_armor_and_production_design,weapon_armor_design_sheet,S,yes,non-human / mascot costume design,"weapon, armor, gear, NPC, production design sheets"
503,0503.webp,weapon_armor_and_production_design,weapon_armor_design_sheet,A,no,"Critical for material-to-gear translation, silhouette diversity, hunter role readability, and equipment family systems.","weapon, armor, gear, NPC, production design sheets"
504,0504.webp,weapon_armor_and_production_design,weapon_armor_design_sheet,A,no,"Critical for material-to-gear translation, silhouette diversity, hunter role readability, and equipment family systems.","weapon, armor, gear, NPC, production design sheets"
505,0505.webp,weapon_armor_and_production_design,weapon_armor_design_sheet,A,no,"Critical for material-to-gear translation, silhouette diversity, hunter role readability, and equipment family systems.","weapon, armor, gear, NPC, production design sheets"
506,0506.webp,weapon_armor_and_production_design,weapon_armor_design_sheet,A,no,"Critical for material-to-gear translation, silhouette diversity, hunter role readability, and equipment family systems.","weapon, armor, gear, NPC, production design sheets"
507,0507.webp,weapon_armor_and_production_design,weapon_armor_design_sheet,A,no,"Critical for material-to-gear translation, silhouette diversity, hunter role readability, and equipment family systems.","weapon, armor, gear, NPC, production design sheets"
508,0508.webp,weapon_armor_and_production_design,weapon_armor_design_sheet,A,no,"Critical for material-to-gear translation, silhouette diversity, hunter role readability, and equipment family systems.","weapon, armor, gear, NPC, production design sheets"
509,0509.webp,weapon_armor_and_production_design,weapon_armor_design_sheet,A,no,"Critical for material-to-gear translation, silhouette diversity, hunter role readability, and equipment family systems.","weapon, armor, gear, NPC, production design sheets"
510,0510.webp,weapon_armor_and_production_design,weapon_armor_design_sheet,A,no,"Critical for material-to-gear translation, silhouette diversity, hunter role readability, and equipment family systems.","weapon, armor, gear, NPC, production design sheets"
511,0511.webp,weapon_armor_and_production_design,weapon_armor_design_sheet,A,no,"Critical for material-to-gear translation, silhouette diversity, hunter role readability, and equipment family systems.","weapon, armor, gear, NPC, production design sheets"
512,0512.webp,weapon_armor_and_production_design,weapon_armor_design_sheet,A,no,"Critical for material-to-gear translation, silhouette diversity, hunter role readability, and equipment family systems.","weapon, armor, gear, NPC, production design sheets"
513,0513.webp,weapon_armor_and_production_design,weapon_armor_design_sheet,A,no,"Critical for material-to-gear translation, silhouette diversity, hunter role readability, and equipment family systems.","weapon, armor, gear, NPC, production design sheets"
514,0514.webp,weapon_armor_and_production_design,weapon_armor_design_sheet,A,no,"Critical for material-to-gear translation, silhouette diversity, hunter role readability, and equipment family systems.","weapon, armor, gear, NPC, production design sheets"
515,0515.webp,weapon_armor_and_production_design,weapon_armor_design_sheet,A,no,"Critical for material-to-gear translation, silhouette diversity, hunter role readability, and equipment family systems.","weapon, armor, gear, NPC, production design sheets"
516,0516.webp,weapon_armor_and_production_design,weapon_armor_design_sheet,A,no,"Critical for material-to-gear translation, silhouette diversity, hunter role readability, and equipment family systems.","weapon, armor, gear, NPC, production design sheets"
517,0517.webp,weapon_armor_and_production_design,weapon_armor_design_sheet,S,yes,equipment family summary and variety,"weapon, armor, gear, NPC, production design sheets"
518,0518.webp,weapon_armor_and_production_design,weapon_armor_design_sheet,A,no,"Critical for material-to-gear translation, silhouette diversity, hunter role readability, and equipment family systems.","weapon, armor, gear, NPC, production design sheets"
519,0519.webp,weapon_armor_and_production_design,weapon_armor_design_sheet,A,no,"Critical for material-to-gear translation, silhouette diversity, hunter role readability, and equipment family systems.","weapon, armor, gear, NPC, production design sheets"
520,0520.webp,weapon_armor_and_production_design,weapon_armor_design_sheet,A,no,"Critical for material-to-gear translation, silhouette diversity, hunter role readability, and equipment family systems.","weapon, armor, gear, NPC, production design sheets"
521,0521.webp,weapon_armor_and_production_design,weapon_armor_design_sheet,A,no,"Critical for material-to-gear translation, silhouette diversity, hunter role readability, and equipment family systems.","weapon, armor, gear, NPC, production design sheets"
522,0522.webp,weapon_armor_and_production_design,weapon_armor_design_sheet,A,no,"Critical for material-to-gear translation, silhouette diversity, hunter role readability, and equipment family systems.","weapon, armor, gear, NPC, production design sheets"
523,0523.webp,weapon_armor_and_production_design,weapon_armor_design_sheet,A,no,"Critical for material-to-gear translation, silhouette diversity, hunter role readability, and equipment family systems.","weapon, armor, gear, NPC, production design sheets"
524,0524.webp,background_fifth_fleet_history,background_world_page,S,yes,fifth fleet history section title,world/lore/background pages and history recap
525,0525.webp,background_fifth_fleet_history,background_world_page,B,no,"Secondary value; keep only pages that visually support region, faction, or expedition framing.",world/lore/background pages and history recap
526,0526.webp,background_fifth_fleet_history,background_world_page,B,no,"Secondary value; keep only pages that visually support region, faction, or expedition framing.",world/lore/background pages and history recap
527,0527.webp,background_fifth_fleet_history,background_world_page,B,no,"Secondary value; keep only pages that visually support region, faction, or expedition framing.",world/lore/background pages and history recap
528,0528.webp,background_fifth_fleet_history,background_world_page,S,yes,world background page with regional narrative,world/lore/background pages and history recap
529,0529.webp,background_fifth_fleet_history,background_world_page,B,no,"Secondary value; keep only pages that visually support region, faction, or expedition framing.",world/lore/background pages and history recap
530,0530.webp,background_fifth_fleet_history,background_world_page,B,no,"Secondary value; keep only pages that visually support region, faction, or expedition framing.",world/lore/background pages and history recap
531,0531.webp,background_fifth_fleet_history,background_world_page,B,no,"Secondary value; keep only pages that visually support region, faction, or expedition framing.",world/lore/background pages and history recap
532,0532.webp,background_fifth_fleet_history,background_world_page,B,no,"Secondary value; keep only pages that visually support region, faction, or expedition framing.",world/lore/background pages and history recap
533,0533.webp,background_fifth_fleet_history,background_world_page,S,yes,faction / emblem / region relationship reference,world/lore/background pages and history recap
534,0534.webp,background_fifth_fleet_history,background_world_page,B,no,"Secondary value; keep only pages that visually support region, faction, or expedition framing.",world/lore/background pages and history recap
535,0535.webp,background_fifth_fleet_history,background_world_page,B,no,"Secondary value; keep only pages that visually support region, faction, or expedition framing.",world/lore/background pages and history recap
536,0536.webp,background_fifth_fleet_history,background_world_page,B,no,"Secondary value; keep only pages that visually support region, faction, or expedition framing.",world/lore/background pages and history recap
537,0537.webp,background_fifth_fleet_history,background_world_page,B,no,"Secondary value; keep only pages that visually support region, faction, or expedition framing.",world/lore/background pages and history recap
538,0538.webp,background_fifth_fleet_history,background_world_page,B,no,"Secondary value; keep only pages that visually support region, faction, or expedition framing.",world/lore/background pages and history recap
539,0539.webp,background_fifth_fleet_history,background_world_page,B,no,"Secondary value; keep only pages that visually support region, faction, or expedition framing.",world/lore/background pages and history recap
540,0540.webp,background_fifth_fleet_history,background_world_page,B,no,"Secondary value; keep only pages that visually support region, faction, or expedition framing.",world/lore/background pages and history recap
541,0541.webp,background_fifth_fleet_history,background_world_page,B,no,"Secondary value; keep only pages that visually support region, faction, or expedition framing.",world/lore/background pages and history recap
542,0542.webp,background_fifth_fleet_history,background_world_page,S,yes,character-lore page with visual support,world/lore/background pages and history recap
543,0543.webp,background_fifth_fleet_history,background_world_page,B,no,"Secondary value; keep only pages that visually support region, faction, or expedition framing.",world/lore/background pages and history recap
544,0544.webp,background_fifth_fleet_history,background_world_page,B,no,"Secondary value; keep only pages that visually support region, faction, or expedition framing.",world/lore/background pages and history recap
545,0545.webp,background_fifth_fleet_history,background_world_page,B,no,"Secondary value; keep only pages that visually support region, faction, or expedition framing.",world/lore/background pages and history recap
546,0546.webp,background_fifth_fleet_history,background_world_page,B,no,"Secondary value; keep only pages that visually support region, faction, or expedition framing.",world/lore/background pages and history recap
547,0547.webp,background_fifth_fleet_history,background_world_page,B,no,"Secondary value; keep only pages that visually support region, faction, or expedition framing.",world/lore/background pages and history recap
548,0548.webp,background_fifth_fleet_history,background_world_page,B,no,"Secondary value; keep only pages that visually support region, faction, or expedition framing.",world/lore/background pages and history recap
549,0549.webp,background_fifth_fleet_history,background_world_page,B,no,"Secondary value; keep only pages that visually support region, faction, or expedition framing.",world/lore/background pages and history recap
550,0550.webp,background_fifth_fleet_history,background_world_page,S,yes,night scene and narrative background page,world/lore/background pages and history recap
551,0551.webp,background_fifth_fleet_history,background_world_page,B,no,"Secondary value; keep only pages that visually support region, faction, or expedition framing.",world/lore/background pages and history recap
552,0552.webp,background_fifth_fleet_history,background_world_page,B,no,"Secondary value; keep only pages that visually support region, faction, or expedition framing.",world/lore/background pages and history recap
553,0553.webp,background_fifth_fleet_history,background_world_page,B,no,"Secondary value; keep only pages that visually support region, faction, or expedition framing.",world/lore/background pages and history recap
554,0554.webp,background_fifth_fleet_history,background_world_page,B,no,"Secondary value; keep only pages that visually support region, faction, or expedition framing.",world/lore/background pages and history recap
555,0555.webp,background_fifth_fleet_history,background_world_page,B,no,"Secondary value; keep only pages that visually support region, faction, or expedition framing.",world/lore/background pages and history recap
556,0556.webp,interviews_and_endmatter,interview_or_endmatter,C,no,Reference value is limited; keep only development commentary and wrap-up visuals.,interviews / credits / end matter
557,0557.webp,interviews_and_endmatter,interview_or_endmatter,S,yes,creator interview / development commentary,interviews / credits / end matter
558,0558.webp,interviews_and_endmatter,interview_or_endmatter,S,yes,promo art + developer commentary wrap-up,interviews / credits / end matter
559,0559.webp,interviews_and_endmatter,interview_or_endmatter,C,no,Reference value is limited; keep only development commentary and wrap-up visuals.,interviews / credits / end matter
560,0560.webp,interviews_and_endmatter,interview_or_endmatter,C,no,Reference value is limited; keep only development commentary and wrap-up visuals.,interviews / credits / end matter
561,0561.webp,interviews_and_endmatter,interview_or_endmatter,C,no,Reference value is limited; keep only development commentary and wrap-up visuals.,interviews / credits / end matter
562,0562.webp,interviews_and_endmatter,interview_or_endmatter,C,no,Reference value is limited; keep only development commentary and wrap-up visuals.,interviews / credits / end matter
563,0563.webp,interviews_and_endmatter,interview_or_endmatter,C,no,Reference value is limited; keep only development commentary and wrap-up visuals.,interviews / credits / end matter
564,0564.webp,interviews_and_endmatter,interview_or_endmatter,C,no,Reference value is limited; keep only development commentary and wrap-up visuals.,interviews / credits / end matter
